sender_id,recipient_id,amount,date,sender_name,sender_email,sender_phone,sender_city,recipient_name,recipient_email,recipient_phone,recipient_city
926,531,70.47,2022-01-07,Ann John,Ann.John@example.com,814-362-6094,"San Francisco, USA",Jake Salazar,Jake.Salazar@example.com,250-705-1154,"San Francisco, USA"
280,735,21.88,2022-01-10,Zac Wagner,Zac.Wagner@example.com,131-396-9743,"San Francisco, USA",Shane Wheeler,Shane.Wheeler@example.com,315-892-7127,"Los Angeles, USA"
571,737,44.68,2022-01-13,Keelan Thompson,Keelan.Thompson@example.com,254-156-9308,"San Francisco, USA",Kiara Bell,Kiara.Bell@example.com,614-291-6530,"San Francisco, USA"
958,945,39.94,2022-01-17,Luna Fowler,Luna.Fowler@example.com,137-365-6816,"Los Angeles, USA",Elisha Owens,Elisha.Owens@example.com,195-699-1871,"Los Angeles, USA"
373,817,6.98,2022-01-17,Robbie Paul,Robbie.Paul@example.com,852-236-4050,"Los Angeles, USA",Renee Mullen,Renee.Mullen@example.com,185-170-8307,"San Diego, USA"
965,571,7.81,2022-01-17,Renee Arroyo,Renee.Arroyo@example.com,706-663-4493,"Los Angeles, USA",Keelan Thompson,Keelan.Thompson@example.com,254-156-9308,"San Francisco, USA"
678,400,1.35,2022-01-20,Mustafa Mason,Mustafa.Mason@example.com,866-179-9539,"Los Angeles, USA",Joanna Durham,Joanna.Durham@example.com,302-863-6548,"Los Angeles, USA"
960,973,35.81,2022-01-20,Lewis Mcmahon,Lewis.Mcmahon@example.com,682-426-4872,"San Francisco, USA",Jean Winters,Jean.Winters@example.com,526-938-2752,"San Diego, USA"
144,177,67.75,2022-01-26,Emelia Page,Emelia.Page@example.com,929-575-4315,"San Francisco, USA",Hassan Kemp,Hassan.Kemp@example.com,131-471-2639,"San Diego, USA"
435,870,85.26,2022-01-31,Jorge Hebert,Jorge.Hebert@example.com,301-526-9714,"Los Angeles, USA",Stacey Manning,Stacey.Manning@example.com,981-952-6391,"Los Angeles, USA"
899,98,78.96,2022-02-08,Frankie Jenkins,Frankie.Jenkins@example.com,301-409-5419,"San Francisco, USA",Traci Banks,Traci.Banks@example.com,313-374-6903,"San Francisco, USA"
570,84,1.0,2022-02-09,Vinnie Schwartz,Vinnie.Schwartz@example.com,790-948-7013,"San Diego, USA",Safia Ayers,Safia.Ayers@example.com,512-649-7865,"San Francisco, USA"
699,931,39.03,2022-02-10,Jonathan Klein,Jonathan.Klein@example.com,495-419-4637,"Los Angeles, USA",Tori Rowland,Tori.Rowland@example.com,372-470-9101,"San Diego, USA"
958,961,26.79,2022-02-11,Luna Fowler,Luna.Fowler@example.com,137-365-6816,"Los Angeles, USA",Tobias Schultz,Tobias.Schultz@example.com,995-854-2821,"Los Angeles, USA"
871,706,12.13,2022-02-13,Ronnie Burch,Ronnie.Burch@example.com,184-620-1928,"San Diego, USA",Elisha Garza,Elisha.Garza@example.com,313-206-2033,"Los Angeles, USA"
308,973,7.76,2022-02-14,Noah Benton,Noah.Benton@example.com,936-522-1085,"Los Angeles, USA",Jean Winters,Jean.Winters@example.com,526-938-2752,"San Diego, USA"
686,882,14.93,2022-02-16,Mohamed Miller,Mohamed.Miller@example.com,883-481-7339,"San Diego, USA",Josie Holt,Josie.Holt@example.com,745-483-6160,"Los Angeles, USA"
751,915,22.27,2022-02-17,Holly Dillon,Holly.Dillon@example.com,662-944-2078,"San Diego, USA",Barry Buck,Barry.Buck@example.com,667-391-6777,"San Francisco, USA"
919,538,23.74,2022-02-18,Ayesha Underwood,Ayesha.Underwood@example.com,687-284-9762,"San Francisco, USA",Tristan Valdez,Tristan.Valdez@example.com,109-614-1639,"Los Angeles, USA"
111,104,7.4,2022-02-20,Harriett Mccoy,Harriett.Mccoy@example.com,956-438-3865,"San Francisco, USA",Chelsea Wyatt,Chelsea.Wyatt@example.com,750-801-9657,"San Diego, USA"
931,187,13.75,2022-02-20,Tori Rowland,Tori.Rowland@example.com,372-470-9101,"San Diego, USA",Andre Long,Andre.Long@example.com,883-691-2967,"San Francisco, USA"
938,452,20.19,2022-02-22,Alisha Hoover,Alisha.Hoover@example.com,500-251-7080,"San Diego, USA",Iqra Kelly,Iqra.Kelly@example.com,319-337-5741,"Los Angeles, USA"
814,425,28.96,2022-02-22,Demi Patel,Demi.Patel@example.com,703-829-8473,"Los Angeles, USA",Ines Davis,Ines.Davis@example.com,238-215-9099,"San Francisco, USA"
979,830,45.17,2022-02-22,Myrtle Bradford,Myrtle.Bradford@example.com,960-593-3677,"San Diego, USA",Adem Mccoy,Adem.Mccoy@example.com,885-779-4082,"San Francisco, USA"
322,64,11.62,2022-02-23,Melissa Harding,Melissa.Harding@example.com,614-765-9511,"San Francisco, USA",Jason Snyder,Jason.Snyder@example.com,202-632-2346,"San Francisco, USA"
915,676,7.51,2022-02-25,Barry Buck,Barry.Buck@example.com,667-391-6777,"San Francisco, USA",Oliwia Harvey,Oliwia.Harvey@example.com,143-701-8741,"San Francisco, USA"
915,958,20.82,2022-02-28,Barry Buck,Barry.Buck@example.com,667-391-6777,"San Francisco, USA",Luna Fowler,Luna.Fowler@example.com,137-365-6816,"Los Angeles, USA"
430,518,40.34,2022-03-02,Huw Pearson,Huw.Pearson@example.com,505-476-1251,"San Diego, USA",Mabel Pace,Mabel.Pace@example.com,752-347-2146,"Los Angeles, USA"
820,719,89.06,2022-03-04,Wilbur Hicks,Wilbur.Hicks@example.com,979-216-9924,"San Diego, USA",Marnie White,Marnie.White@example.com,267-434-1395,"San Francisco, USA"
852,916,18.04,2022-03-06,Evelyn Cross,Evelyn.Cross@example.com,312-643-8868,"San Francisco, USA",Mya Ho,Mya.Ho@example.com,448-770-8204,"San Francisco, USA"
570,105,33.74,2022-03-07,Vinnie Schwartz,Vinnie.Schwartz@example.com,790-948-7013,"San Diego, USA",Franklin Conway,Franklin.Conway@example.com,768-545-4465,"San Diego, USA"
385,954,4.36,2022-03-11,Olivia Slater,Olivia.Slater@example.com,618-239-1471,"Los Angeles, USA",Aston Villegas,Aston.Villegas@example.com,553-640-6714,"Los Angeles, USA"
454,588,9.33,2022-03-18,Zuzanna Moody,Zuzanna.Moody@example.com,727-221-6352,"San Diego, USA",Miranda Cain,Miranda.Cain@example.com,377-263-6278,"Los Angeles, USA"
516,890,13.79,2022-03-18,Kate Key,Kate.Key@example.com,336-283-3896,"San Francisco, USA",Ahmad Landry,Ahmad.Landry@example.com,207-841-9893,"Los Angeles, USA"
981,366,12.47,2022-03-19,Gwen Norris,Gwen.Norris@example.com,699-606-9952,"San Diego, USA",Maxwell Lee,Maxwell.Lee@example.com,221-138-8090,"San Francisco, USA"
862,947,44.65,2022-03-25,Alexandros Ryan,Alexandros.Ryan@example.com,849-570-8792,"Los Angeles, USA",Isra Burgess,Isra.Burgess@example.com,142-470-3907,"San Diego, USA"
956,936,34.9,2022-03-27,Zakariya Stuart,Zakariya.Stuart@example.com,192-776-4957,"Los Angeles, USA",Ted Wiggins,Ted.Wiggins@example.com,153-176-3641,"San Diego, USA"
83,1000,19.55,2022-04-01,Zachery Brennan,Zachery.Brennan@example.com,323-591-3874,"San Francisco, USA",Simeon Mccall,Simeon.Mccall@example.com,135-125-7738,"San Francisco, USA"
258,926,3.49,2022-04-02,Felicity Tran,Felicity.Tran@example.com,530-539-9474,"San Diego, USA",Ann John,Ann.John@example.com,814-362-6094,"San Francisco, USA"
570,931,29.26,2022-04-03,Vinnie Schwartz,Vinnie.Schwartz@example.com,790-948-7013,"San Diego, USA",Tori Rowland,Tori.Rowland@example.com,372-470-9101,"San Diego, USA"
924,915,56.23,2022-04-05,Kendra Francis,Kendra.Francis@example.com,680-603-3144,"San Francisco, USA",Barry Buck,Barry.Buck@example.com,667-391-6777,"San Francisco, USA"
960,945,9.36,2022-04-10,Lewis Mcmahon,Lewis.Mcmahon@example.com,682-426-4872,"San Francisco, USA",Elisha Owens,Elisha.Owens@example.com,195-699-1871,"Los Angeles, USA"
960,802,29.23,2022-04-26,Lewis Mcmahon,Lewis.Mcmahon@example.com,682-426-4872,"San Francisco, USA",Eleni Maxwell,Eleni.Maxwell@example.com,449-237-4755,"San Diego, USA"
979,815,47.61,2022-05-01,Myrtle Bradford,Myrtle.Bradford@example.com,960-593-3677,"San Diego, USA",Aurora Andrews,Aurora.Andrews@example.com,353-307-2005,"San Diego, USA"
986,979,56.93,2022-05-05,Rosanna Dyer,Rosanna.Dyer@example.com,512-600-6692,"Los Angeles, USA",Myrtle Bradford,Myrtle.Bradford@example.com,960-593-3677,"San Diego, USA"
28,907,12.86,2022-05-06,Cassie Molina,Cassie.Molina@example.com,811-806-5304,"San Francisco, USA",Samia Bradley,Samia.Bradley@example.com,363-816-6259,"San Diego, USA"
94,76,15.65,2022-05-09,Mia Horne,Mia.Horne@example.com,667-185-1569,"Los Angeles, USA",Taha Casey,Taha.Casey@example.com,581-100-2001,"Los Angeles, USA"
960,236,4.95,2022-05-11,Lewis Mcmahon,Lewis.Mcmahon@example.com,682-426-4872,"San Francisco, USA",Gloria Mason,Gloria.Mason@example.com,495-379-8123,"Los Angeles, USA"
457,421,52.87,2022-05-14,Ffion Brandt,Ffion.Brandt@example.com,560-197-4771,"San Diego, USA",Juliet Gordon,Juliet.Gordon@example.com,647-601-9488,"San Diego, USA"
882,472,79.59,2022-05-16,Josie Holt,Josie.Holt@example.com,745-483-6160,"Los Angeles, USA",Colby Baxter,Colby.Baxter@example.com,584-747-3867,"Los Angeles, USA"
272,966,79.49,2022-05-19,Findlay Velasquez,Findlay.Velasquez@example.com,675-319-8856,"Los Angeles, USA",Marjorie Munoz,Marjorie.Munoz@example.com,385-637-4138,"Los Angeles, USA"
957,279,33.96,2022-05-21,Effie Jordan,Effie.Jordan@example.com,778-566-2709,"San Francisco, USA",Annabelle Atkinson,Annabelle.Atkinson@example.com,494-263-3527,"San Francisco, USA"
431,472,62.4,2022-05-21,Alannah Vaughn,Alannah.Vaughn@example.com,942-130-5841,"San Francisco, USA",Colby Baxter,Colby.Baxter@example.com,584-747-3867,"Los Angeles, USA"
66,342,45.42,2022-05-22,Aisha Webb,Aisha.Webb@example.com,447-728-9592,"San Francisco, USA",Alfred Stuart,Alfred.Stuart@example.com,713-145-1454,"Los Angeles, USA"
640,1000,8.46,2022-05-25,Nadia Wyatt,Nadia.Wyatt@example.com,277-573-9871,"San Diego, USA",Simeon Mccall,Simeon.Mccall@example.com,135-125-7738,"San Francisco, USA"
414,273,19.97,2022-05-28,Ahmed Mcpherson,Ahmed.Mcpherson@example.com,797-300-1323,"Los Angeles, USA",Georgiana Horton,Georgiana.Horton@example.com,290-200-9393,"Los Angeles, USA"
781,461,50.19,2022-05-29,Mari Phillips,Mari.Phillips@example.com,301-646-5827,"Los Angeles, USA",Leila Hawkins,Leila.Hawkins@example.com,970-992-9362,"Los Angeles, USA"
430,220,17.46,2022-05-31,Huw Pearson,Huw.Pearson@example.com,505-476-1251,"San Diego, USA",Sahar Kim,Sahar.Kim@example.com,718-676-2743,"San Francisco, USA"
110,258,1.0,2022-06-05,Pearl Perez,Pearl.Perez@example.com,947-926-6369,"San Francisco, USA",Felicity Tran,Felicity.Tran@example.com,530-539-9474,"San Diego, USA"
833,813,126.24,2022-06-05,Hayley Montoya,Hayley.Montoya@example.com,672-566-6794,"New York, USA",Arthur Hebert,Arthur.Hebert@example.com,203-343-2956,"New York, USA"
878,881,9.88,2022-06-07,Mateo Francis,Mateo.Francis@example.com,508-390-8347,"Los Angeles, USA",Kathleen Carter,Kathleen.Carter@example.com,210-798-9930,"San Francisco, USA"
494,568,44.81,2022-06-08,Bryan Caldwell,Bryan.Caldwell@example.com,161-104-1451,"San Francisco, USA",Zaki Mcpherson,Zaki.Mcpherson@example.com,344-278-2013,"San Francisco, USA"
289,535,16.33,2022-06-08,Adele Cantrell,Adele.Cantrell@example.com,264-319-7312,"New York, USA",Carolyn Pittman,Carolyn.Pittman@example.com,451-215-7038,"New York, USA"
452,947,31.89,2022-06-09,Iqra Kelly,Iqra.Kelly@example.com,319-337-5741,"Los Angeles, USA",Isra Burgess,Isra.Burgess@example.com,142-470-3907,"San Diego, USA"
820,648,62.17,2022-06-09,Wilbur Hicks,Wilbur.Hicks@example.com,979-216-9924,"San Diego, USA",Luna Levy,Luna.Levy@example.com,855-484-1981,"San Francisco, USA"
11,171,25.66,2022-06-10,Moshe Colon,Moshe.Colon@example.com,131-622-5442,"New York, USA",Patrick Morse,Patrick.Morse@example.com,220-102-3684,"New York, USA"
979,561,44.62,2022-06-13,Myrtle Bradford,Myrtle.Bradford@example.com,960-593-3677,"San Diego, USA",Miya Warner,Miya.Warner@example.com,204-288-1980,"Los Angeles, USA"
827,254,7.83,2022-06-13,Laurence Graves,Laurence.Graves@example.com,609-435-5709,"Los Angeles, USA",Bonnie Woods,Bonnie.Woods@example.com,104-443-5734,"San Francisco, USA"
259,965,68.0,2022-06-15,Lily Chan,Lily.Chan@example.com,390-911-6534,"San Francisco, USA",Renee Arroyo,Renee.Arroyo@example.com,706-663-4493,"Los Angeles, USA"
387,605,10.9,2022-06-15,Jesse Perry,Jesse.Perry@example.com,711-621-8470,"New York, USA",Earl Hobbs,Earl.Hobbs@example.com,916-866-7237,"New York, USA"
49,212,33.08,2022-06-26,Idris Proctor,Idris.Proctor@example.com,584-182-6496,"San Diego, USA",Angela Lynch,Angela.Lynch@example.com,227-737-8739,"San Francisco, USA"
671,160,35.34,2022-06-26,Alexander Terry,Alexander.Terry@example.com,480-560-1876,"New York, USA",Alessia Watts,Alessia.Watts@example.com,619-580-5165,"New York, USA"
48,461,18.51,2022-06-29,Esther Mccall,Esther.Mccall@example.com,573-696-6671,"Los Angeles, USA",Leila Hawkins,Leila.Hawkins@example.com,970-992-9362,"Los Angeles, USA"
629,272,43.39,2022-07-02,Mae Castro,Mae.Castro@example.com,714-485-2518,"San Francisco, USA",Findlay Velasquez,Findlay.Velasquez@example.com,675-319-8856,"Los Angeles, USA"
916,960,39.94,2022-07-06,Mya Ho,Mya.Ho@example.com,448-770-8204,"San Francisco, USA",Lewis Mcmahon,Lewis.Mcmahon@example.com,682-426-4872,"San Francisco, USA"
206,747,2.79,2022-07-09,Azaan Roth,Azaan.Roth@example.com,130-119-2032,"Los Angeles, USA",Tia Ali,Tia.Ali@example.com,507-663-5326,"San Francisco, USA"
177,480,34.74,2022-07-11,Hassan Kemp,Hassan.Kemp@example.com,131-471-2639,"San Diego, USA",Abu Miranda,Abu.Miranda@example.com,615-102-4849,"Los Angeles, USA"
930,933,11.02,2022-07-13,Christina Mays,Christina.Mays@example.com,333-143-8841,"San Francisco, USA",Kaine Blankenship,Kaine.Blankenship@example.com,294-274-7917,"San Diego, USA"
915,743,19.17,2022-07-15,Barry Buck,Barry.Buck@example.com,667-391-6777,"San Francisco, USA",Wendy Mcclure,Wendy.Mcclure@example.com,830-402-9784,"San Diego, USA"
810,206,17.94,2022-07-22,Syed Mooney,Syed.Mooney@example.com,348-929-4959,"San Francisco, USA",Azaan Roth,Azaan.Roth@example.com,130-119-2032,"Los Angeles, USA"
786,408,19.72,2022-07-24,Earl Vargas,Earl.Vargas@example.com,821-464-7474,"San Francisco, USA",Adnan Moore,Adnan.Moore@example.com,132-644-9432,"San Francisco, USA"
22,976,19.84,2022-07-27,Gerald Maldonado,Gerald.Maldonado@example.com,660-116-3336,"San Francisco, USA",Marnie Mayo,Marnie.Mayo@example.com,725-331-2757,"San Diego, USA"
279,852,71.71,2022-07-27,Annabelle Atkinson,Annabelle.Atkinson@example.com,494-263-3527,"San Francisco, USA",Evelyn Cross,Evelyn.Cross@example.com,312-643-8868,"San Francisco, USA"
966,827,14.89,2022-07-28,Marjorie Munoz,Marjorie.Munoz@example.com,385-637-4138,"Los Angeles, USA",Laurence Graves,Laurence.Graves@example.com,609-435-5709,"Los Angeles, USA"
735,888,3.73,2022-07-29,Shane Wheeler,Shane.Wheeler@example.com,315-892-7127,"Los Angeles, USA",Liana Baldwin,Liana.Baldwin@example.com,736-366-9050,"San Diego, USA"
938,844,52.62,2022-07-29,Alisha Hoover,Alisha.Hoover@example.com,500-251-7080,"San Diego, USA",Marnie Sheppard,Marnie.Sheppard@example.com,576-261-4653,"Los Angeles, USA"
936,530,25.9,2022-07-30,Ted Wiggins,Ted.Wiggins@example.com,153-176-3641,"San Diego, USA",Isobelle Davidson,Isobelle.Davidson@example.com,237-295-4490,"San Francisco, USA"
251,132,11.67,2022-08-01,Grayson Rasmussen,Grayson.Rasmussen@example.com,312-891-9587,"New York, USA",Tina Powell,Tina.Powell@example.com,372-218-6551,"New York, USA"
945,945,78.81,2022-08-19,Elisha Owens,Elisha.Owens@example.com,195-699-1871,"Los Angeles, USA",Elisha Owens,Elisha.Owens@example.com,195-699-1871,"Los Angeles, USA"
856,238,19.07,2022-08-22,Maisie Cunningham,Maisie.Cunningham@example.com,389-110-9784,"Los Angeles, USA",Ashleigh Trevino,Ashleigh.Trevino@example.com,621-710-6972,"San Francisco, USA"
463,903,52.03,2022-08-23,Tristan Lambert,Tristan.Lambert@example.com,125-567-3504,"San Diego, USA",Dominik Velez,Dominik.Velez@example.com,149-740-6115,"San Francisco, USA"
961,515,61.9,2022-08-25,Tobias Schultz,Tobias.Schultz@example.com,995-854-2821,"Los Angeles, USA",Gerald Carver,Gerald.Carver@example.com,658-867-4112,"Los Angeles, USA"
490,914,87.3,2022-08-25,Rhonda Coffey,Rhonda.Coffey@example.com,473-420-4500,"San Francisco, USA",Nancy Sharp,Nancy.Sharp@example.com,723-866-1140,"Los Angeles, USA"
979,656,6.39,2022-08-25,Myrtle Bradford,Myrtle.Bradford@example.com,960-593-3677,"San Diego, USA",Tomos Velez,Tomos.Velez@example.com,233-661-3978,"Los Angeles, USA"
286,640,53.81,2022-08-26,Cordelia Marquez,Cordelia.Marquez@example.com,636-910-2488,"Los Angeles, USA",Nadia Wyatt,Nadia.Wyatt@example.com,277-573-9871,"San Diego, USA"
387,971,37.75,2022-08-30,Jesse Perry,Jesse.Perry@example.com,711-621-8470,"New York, USA",Kyran Duncan,Kyran.Duncan@example.com,433-632-3326,"New York, USA"
885,670,18.73,2022-09-01,Omar Ashley,Omar.Ashley@example.com,156-912-7263,"Los Angeles, USA",Jacob Patton,Jacob.Patton@example.com,914-260-3945,"San Diego, USA"
749,438,23.49,2022-09-05,Tobias Beltran,Tobias.Beltran@example.com,598-751-1029,"Chicago, USA",Leslie Harrington,Leslie.Harrington@example.com,170-517-1270,"Chicago, USA"
28,491,87.13,2022-09-06,Cassie Molina,Cassie.Molina@example.com,811-806-5304,"San Francisco, USA",Ehsan Anthony,Ehsan.Anthony@example.com,364-687-4749,"San Francisco, USA"
912,888,31.92,2022-09-09,Junaid Fletcher,Junaid.Fletcher@example.com,677-571-4277,"Los Angeles, USA",Liana Baldwin,Liana.Baldwin@example.com,736-366-9050,"San Diego, USA"
440,615,10.46,2022-09-10,Dean Koch,Dean.Koch@example.com,510-682-8416,"San Francisco, USA",Katelyn Collins,Katelyn.Collins@example.com,878-870-9506,"San Diego, USA"
535,968,21.17,2022-09-14,Carolyn Pittman,Carolyn.Pittman@example.com,451-215-7038,"New York, USA",Roosevelt Huff,Roosevelt.Huff@example.com,348-716-1274,"New York, USA"
191,672,28.4,2022-09-14,Damon Bullock,Damon.Bullock@example.com,130-864-9453,"Chicago, USA",Kane Huff,Kane.Huff@example.com,417-611-9319,"Chicago, USA"
846,908,49.61,2022-09-15,John Mason,John.Mason@example.com,768-888-3211,"San Diego, USA",Nataniel Glenn,Nataniel.Glenn@example.com,504-112-5228,"Los Angeles, USA"
75,932,13.06,2022-09-16,Marjorie Shields,Marjorie.Shields@example.com,346-207-2724,"San Diego, USA",Ayden Valentine,Ayden.Valentine@example.com,208-392-1702,"San Francisco, USA"
279,848,3.02,2022-09-18,Annabelle Atkinson,Annabelle.Atkinson@example.com,494-263-3527,"San Francisco, USA",Charis Bray,Charis.Bray@example.com,175-925-8526,"Los Angeles, USA"
367,102,83.56,2022-09-18,Eryn Bowers,Eryn.Bowers@example.com,767-372-8468,"Chicago, USA",Alina Walls,Alina.Walls@example.com,507-883-4629,"Chicago, USA"
533,234,41.18,2022-09-20,Joshua Holt,Joshua.Holt@example.com,993-541-7464,"New York, USA",Esmee Harmon,Esmee.Harmon@example.com,271-604-3446,"New York, USA"
940,388,69.61,2022-09-25,Marilyn Hart,Marilyn.Hart@example.com,635-581-5074,"Los Angeles, USA",Yousef Andrews,Yousef.Andrews@example.com,532-910-6535,"Los Angeles, USA"
748,247,76.5,2022-10-03,Montgomery Davila,Montgomery.Davila@example.com,267-999-7224,"New York, USA",Douglas Lozano,Douglas.Lozano@example.com,916-136-3366,"New York, USA"
562,770,79.95,2022-10-08,Marjorie Morrison,Marjorie.Morrison@example.com,642-203-8931,"San Francisco, USA",Jannat Landry,Jannat.Landry@example.com,754-634-9309,"Los Angeles, USA"
674,885,12.32,2022-10-10,Mahir Cooper,Mahir.Cooper@example.com,829-570-7880,"San Francisco, USA",Omar Ashley,Omar.Ashley@example.com,156-912-7263,"Los Angeles, USA"
296,683,10.0,2022-10-11,Steven Reid,Steven.Reid@example.com,490-977-4025,"San Francisco, USA",Irene Kim,Irene.Kim@example.com,946-883-2145,"San Francisco, USA"
663,187,35.98,2022-10-14,Rowan Acevedo,Rowan.Acevedo@example.com,223-620-9032,"Los Angeles, USA",Andre Long,Andre.Long@example.com,883-691-2967,"San Francisco, USA"
144,575,29.51,2022-10-17,Emelia Page,Emelia.Page@example.com,929-575-4315,"San Francisco, USA",Casper Padilla,Casper.Padilla@example.com,823-261-2968,"San Francisco, USA"
459,489,36.37,2022-10-17,Hector Lam,Hector.Lam@example.com,784-605-2200,"Los Angeles, USA",Khadija Dunlap,Khadija.Dunlap@example.com,752-472-1641,"San Francisco, USA"
916,377,17.61,2022-10-20,Mya Ho,Mya.Ho@example.com,448-770-8204,"San Francisco, USA",Phyllis Gill,Phyllis.Gill@example.com,821-675-4190,"Los Angeles, USA"
283,184,42.04,2022-10-20,Autumn Hensley,Autumn.Hensley@example.com,107-156-5064,"New York, USA",David Bridges,David.Bridges@example.com,946-447-2454,"New York, USA"
841,765,39.2,2022-10-21,Khalid Davies,Khalid.Davies@example.com,191-582-9251,"San Francisco, USA",Amir Blackwell,Amir.Blackwell@example.com,291-386-7567,"San Francisco, USA"
255,328,5.42,2022-10-21,Miriam Pacheco,Miriam.Pacheco@example.com,401-464-5796,"San Diego, USA",Otis Pittman,Otis.Pittman@example.com,563-494-9026,"San Diego, USA"
251,481,12.91,2022-10-24,Grayson Rasmussen,Grayson.Rasmussen@example.com,312-891-9587,"New York, USA",Sophia Randolph,Sophia.Randolph@example.com,972-667-2372,"New York, USA"
242,836,35.9,2022-10-28,Hazel Joseph,Hazel.Joseph@example.com,272-647-4049,"New York, USA",Sasha Ponce,Sasha.Ponce@example.com,746-650-5343,"New York, USA"
713,718,63.51,2022-10-31,Ameer Orr,Ameer.Orr@example.com,993-387-9130,"Chicago, USA",Esme Reeves,Esme.Reeves@example.com,151-285-9583,"Chicago, USA"
979,80,81.89,2022-11-06,Myrtle Bradford,Myrtle.Bradford@example.com,960-593-3677,"San Diego, USA",Cheryl Owens,Cheryl.Owens@example.com,812-775-9881,"San Francisco, USA"
973,540,43.94,2022-11-08,Jean Winters,Jean.Winters@example.com,526-938-2752,"San Diego, USA",Savannah Boone,Savannah.Boone@example.com,159-573-6793,"Los Angeles, USA"
755,936,2.78,2022-11-08,Amie Hood,Amie.Hood@example.com,659-426-4878,"Los Angeles, USA",Ted Wiggins,Ted.Wiggins@example.com,153-176-3641,"San Diego, USA"
660,708,30.12,2022-11-09,Zayn Kaufman,Zayn.Kaufman@example.com,893-890-8415,"Chicago, USA",Enzo Whitney,Enzo.Whitney@example.com,565-709-5636,"Chicago, USA"
289,756,78.3,2022-11-11,Adele Cantrell,Adele.Cantrell@example.com,264-319-7312,"New York, USA",Herbie Huber,Herbie.Huber@example.com,562-925-1087,"New York, USA"
47,163,14.22,2022-11-14,Celia Terry,Celia.Terry@example.com,986-149-3342,"New York, USA",Talha Austin,Talha.Austin@example.com,279-345-3532,"New York, USA"
879,556,63.95,2022-11-17,Lucy Fuentes,Lucy.Fuentes@example.com,427-948-5524,"New York, USA",Zayn Webb,Zayn.Webb@example.com,561-761-7547,"New York, USA"
374,515,78.1,2022-11-18,Sara Harris,Sara.Harris@example.com,549-750-2047,"San Francisco, USA",Gerald Carver,Gerald.Carver@example.com,658-867-4112,"Los Angeles, USA"
986,737,2.44,2022-11-19,Rosanna Dyer,Rosanna.Dyer@example.com,512-600-6692,"Los Angeles, USA",Kiara Bell,Kiara.Bell@example.com,614-291-6530,"San Francisco, USA"
950,813,52.8,2022-11-19,Meredith Reyes,Meredith.Reyes@example.com,680-737-7650,"New York, USA",Arthur Hebert,Arthur.Hebert@example.com,203-343-2956,"New York, USA"
63,621,22.57,2022-11-20,Johnathan Berger,Johnathan.Berger@example.com,545-458-1679,"San Diego, USA",Kiana Carter,Kiana.Carter@example.com,219-142-7516,"San Diego, USA"
964,1000,32.3,2022-11-21,Colby Harding,Colby.Harding@example.com,584-554-7060,"San Francisco, USA",Simeon Mccall,Simeon.Mccall@example.com,135-125-7738,"San Francisco, USA"
854,273,42.99,2022-11-25,Ffion Knight,Ffion.Knight@example.com,233-159-4158,"San Diego, USA",Georgiana Horton,Georgiana.Horton@example.com,290-200-9393,"Los Angeles, USA"
48,694,77.19,2022-11-26,Esther Mccall,Esther.Mccall@example.com,573-696-6671,"Los Angeles, USA",Richard Pope,Richard.Pope@example.com,216-184-3684,"Los Angeles, USA"
472,600,18.59,2022-11-29,Colby Baxter,Colby.Baxter@example.com,584-747-3867,"Los Angeles, USA",Bill Jacobs,Bill.Jacobs@example.com,279-704-9018,"San Francisco, USA"
678,846,70.92,2022-11-30,Mustafa Mason,Mustafa.Mason@example.com,866-179-9539,"Los Angeles, USA",John Mason,John.Mason@example.com,768-888-3211,"San Diego, USA"
976,864,33.41,2022-12-01,Marnie Mayo,Marnie.Mayo@example.com,725-331-2757,"San Diego, USA",Asia Holloway,Asia.Holloway@example.com,512-876-7834,"Los Angeles, USA"
461,934,5.31,2022-12-01,Leila Hawkins,Leila.Hawkins@example.com,970-992-9362,"Los Angeles, USA",Alessandro French,Alessandro.French@example.com,216-516-1958,"San Diego, USA"
861,937,64.74,2022-12-01,Deacon Boone,Deacon.Boone@example.com,950-335-6994,"New York, USA",Nina Mathews,Nina.Mathews@example.com,863-385-2205,"New York, USA"
960,902,16.46,2022-12-05,Lewis Mcmahon,Lewis.Mcmahon@example.com,682-426-4872,"San Francisco, USA",Mitchell Murray,Mitchell.Murray@example.com,939-709-6815,"San Francisco, USA"
992,102,78.86,2022-12-06,Sebastian Pierce,Sebastian.Pierce@example.com,947-717-1440,"Chicago, USA",Alina Walls,Alina.Walls@example.com,507-883-4629,"Chicago, USA"
267,812,35.92,2022-12-07,Jake Spencer,Jake.Spencer@example.com,445-216-5918,"San Diego, USA",Saad Ali,Saad.Ali@example.com,185-189-3978,"San Francisco, USA"
221,831,1.59,2022-12-09,Emmie Schmidt,Emmie.Schmidt@example.com,130-236-9253,"San Francisco, USA",Angel Browning,Angel.Browning@example.com,768-205-1455,"Los Angeles, USA"
61,487,6.81,2022-12-09,Honor Jacobson,Honor.Jacobson@example.com,624-535-4606,"San Francisco, USA",Bernard Moran,Bernard.Moran@example.com,863-265-3242,"San Francisco, USA"
110,830,12.7,2022-12-12,Pearl Perez,Pearl.Perez@example.com,947-926-6369,"San Francisco, USA",Adem Mccoy,Adem.Mccoy@example.com,885-779-4082,"San Francisco, USA"
554,877,33.99,2022-12-13,Tyrell Holman,Tyrell.Holman@example.com,582-574-4299,"San Francisco, USA",Drew Orozco,Drew.Orozco@example.com,531-709-2553,"San Diego, USA"
196,850,16.16,2022-12-14,Alanna Stephens,Alanna.Stephens@example.com,710-282-8586,"Chicago, USA",Taylor Woods,Taylor.Woods@example.com,294-365-8364,"Chicago, USA"
984,345,49.27,2022-12-15,Adrian Joseph,Adrian.Joseph@example.com,808-456-6071,"Chicago, USA",Hannah Zuniga,Hannah.Zuniga@example.com,515-268-3667,"Chicago, USA"
331,829,13.73,2022-12-17,Lia Hudson,Lia.Hudson@example.com,671-560-5008,"San Francisco, USA",Ismaeel Schmidt,Ismaeel.Schmidt@example.com,110-478-3409,"Los Angeles, USA"
242,266,96.5,2022-12-18,Hazel Joseph,Hazel.Joseph@example.com,272-647-4049,"New York, USA",Gregory Strong,Gregory.Strong@example.com,952-404-1885,"New York, USA"
314,927,18.87,2022-12-18,Neve Hendrix,Neve.Hendrix@example.com,965-871-6717,"Chicago, USA",Alejandro Kent,Alejandro.Kent@example.com,915-320-3214,"Chicago, USA"
981,230,1.0,2022-12-22,Gwen Norris,Gwen.Norris@example.com,699-606-9952,"San Diego, USA",Hana Barr,Hana.Barr@example.com,541-180-4090,"San Francisco, USA"
137,238,38.32,2022-12-30,India Simmons,India.Simmons@example.com,605-920-3435,"San Diego, USA",Ashleigh Trevino,Ashleigh.Trevino@example.com,621-710-6972,"San Francisco, USA"
51,140,1.0,2023-01-04,Herman Munoz,Herman.Munoz@example.com,689-881-9382,"Los Angeles, USA",Gary Hutchinson,Gary.Hutchinson@example.com,245-506-5389,"San Francisco, USA"
630,756,94.64,2023-01-04,Harold Sharpe,Harold.Sharpe@example.com,646-622-1082,"New York, USA",Herbie Huber,Herbie.Huber@example.com,562-925-1087,"New York, USA"
537,37,1.52,2023-01-05,Bronwyn Hanna,Bronwyn.Hanna@example.com,763-469-4049,"Toronto, Canada",Lili Schroeder,Lili.Schroeder@example.com,640-348-2128,"Toronto, Canada"
722,963,122.3,2023-01-06,Nannie Hunt,Nannie.Hunt@example.com,290-190-1157,"Chicago, USA",Billy Norton,Billy.Norton@example.com,816-614-5153,"Chicago, USA"
687,262,57.67,2023-01-07,Thea Suarez,Thea.Suarez@example.com,647-211-7337,"Toronto, Canada",Everly Cortez,Everly.Cortez@example.com,954-995-1806,"Toronto, Canada"
617,607,22.93,2023-01-08,Beau Duran,Beau.Duran@example.com,797-203-1866,"New York, USA",Bibi Roberts,Bibi.Roberts@example.com,631-796-8801,"New York, USA"
421,267,21.65,2023-01-09,Juliet Gordon,Juliet.Gordon@example.com,647-601-9488,"San Diego, USA",Jake Spencer,Jake.Spencer@example.com,445-216-5918,"San Diego, USA"
966,193,25.04,2023-01-10,Marjorie Munoz,Marjorie.Munoz@example.com,385-637-4138,"Los Angeles, USA",Susie Gibbons,Susie.Gibbons@example.com,194-777-4804,"Los Angeles, USA"
264,620,47.19,2023-01-12,Maximillian Atkins,Maximillian.Atkins@example.com,421-834-8740,"Toronto, Canada",Neo Lara,Neo.Lara@example.com,276-319-4768,"Toronto, Canada"
147,380,6.24,2023-01-12,Eleanor Mcintosh,Eleanor.Mcintosh@example.com,153-538-3431,"Toronto, Canada",James Warner,James.Warner@example.com,839-312-5829,"Toronto, Canada"
807,399,68.15,2023-01-13,Polly Mendez,Polly.Mendez@example.com,916-453-8696,"San Francisco, USA",Nathan Pearce,Nathan.Pearce@example.com,161-192-5834,"Los Angeles, USA"
202,846,72.79,2023-01-14,Kabir Stewart,Kabir.Stewart@example.com,891-887-3513,"San Francisco, USA",John Mason,John.Mason@example.com,768-888-3211,"San Diego, USA"
902,939,13.01,2023-01-15,Mitchell Murray,Mitchell.Murray@example.com,939-709-6815,"San Francisco, USA",Alyssa Bradshaw,Alyssa.Bradshaw@example.com,606-353-8050,"San Diego, USA"
925,976,37.77,2023-01-18,Yasmine Scott,Yasmine.Scott@example.com,300-321-6761,"San Diego, USA",Marnie Mayo,Marnie.Mayo@example.com,725-331-2757,"San Diego, USA"
620,108,23.77,2023-01-18,Neo Lara,Neo.Lara@example.com,276-319-4768,"Toronto, Canada",Mohsin Tucker,Mohsin.Tucker@example.com,174-389-8757,"Toronto, Canada"
878,907,75.24,2023-01-19,Mateo Francis,Mateo.Francis@example.com,508-390-8347,"Los Angeles, USA",Samia Bradley,Samia.Bradley@example.com,363-816-6259,"San Diego, USA"
833,607,47.77,2023-01-19,Hayley Montoya,Hayley.Montoya@example.com,672-566-6794,"New York, USA",Bibi Roberts,Bibi.Roberts@example.com,631-796-8801,"New York, USA"
289,990,122.1,2023-01-22,Adele Cantrell,Adele.Cantrell@example.com,264-319-7312,"New York, USA",Juliette Luna,Juliette.Luna@example.com,782-806-6417,"New York, USA"
455,749,28.53,2023-01-22,Margaret Woods,Margaret.Woods@example.com,693-338-9657,"Chicago, USA",Tobias Beltran,Tobias.Beltran@example.com,598-751-1029,"Chicago, USA"
769,885,15.39,2023-01-25,Marilyn Scott,Marilyn.Scott@example.com,360-359-2274,"San Francisco, USA",Omar Ashley,Omar.Ashley@example.com,156-912-7263,"Los Angeles, USA"
970,660,82.99,2023-01-25,Qasim Bullock,Qasim.Bullock@example.com,392-468-4297,"Chicago, USA",Zayn Kaufman,Zayn.Kaufman@example.com,893-890-8415,"Chicago, USA"
984,997,30.56,2023-01-25,Adrian Joseph,Adrian.Joseph@example.com,808-456-6071,"Chicago, USA",Sam Arias,Sam.Arias@example.com,415-467-1137,"Chicago, USA"
739,316,40.22,2023-01-26,Lewis Brooks,Lewis.Brooks@example.com,737-205-4525,"New York, USA",Mathilda Abbott,Mathilda.Abbott@example.com,893-420-4063,"New York, USA"
930,902,13.13,2023-01-28,Christina Mays,Christina.Mays@example.com,333-143-8841,"San Francisco, USA",Mitchell Murray,Mitchell.Murray@example.com,939-709-6815,"San Francisco, USA"
881,415,4.19,2023-01-30,Kathleen Carter,Kathleen.Carter@example.com,210-798-9930,"San Francisco, USA",Christopher Pollard,Christopher.Pollard@example.com,915-743-9764,"San Diego, USA"
960,118,53.0,2023-02-03,Lewis Mcmahon,Lewis.Mcmahon@example.com,682-426-4872,"San Francisco, USA",Sean Bolton,Sean.Bolton@example.com,222-241-5406,"Los Angeles, USA"
926,965,45.91,2023-02-06,Ann John,Ann.John@example.com,814-362-6094,"San Francisco, USA",Renee Arroyo,Renee.Arroyo@example.com,706-663-4493,"Los Angeles, USA"
986,258,6.97,2023-02-06,Rosanna Dyer,Rosanna.Dyer@example.com,512-600-6692,"Los Angeles, USA",Felicity Tran,Felicity.Tran@example.com,530-539-9474,"San Diego, USA"
351,920,23.69,2023-02-06,Keaton Ortiz,Keaton.Ortiz@example.com,676-716-9033,"San Diego, USA",Kamil Bernard,Kamil.Bernard@example.com,400-528-1349,"San Francisco, USA"
875,939,12.4,2023-02-07,Cayden Walls,Cayden.Walls@example.com,355-649-8007,"San Francisco, USA",Alyssa Bradshaw,Alyssa.Bradshaw@example.com,606-353-8050,"San Diego, USA"
237,981,1.07,2023-02-13,Carter Coleman,Carter.Coleman@example.com,530-826-1153,"San Francisco, USA",Gwen Norris,Gwen.Norris@example.com,699-606-9952,"San Diego, USA"
976,682,32.26,2023-02-14,Marnie Mayo,Marnie.Mayo@example.com,725-331-2757,"San Diego, USA",Laura Valdez,Laura.Valdez@example.com,766-901-1157,"Los Angeles, USA"
902,914,13.81,2023-02-14,Mitchell Murray,Mitchell.Murray@example.com,939-709-6815,"San Francisco, USA",Nancy Sharp,Nancy.Sharp@example.com,723-866-1140,"Los Angeles, USA"
870,828,3.6,2023-02-15,Stacey Manning,Stacey.Manning@example.com,981-952-6391,"Los Angeles, USA",Nora Donaldson,Nora.Donaldson@example.com,414-618-5713,"San Diego, USA"
82,137,15.36,2023-02-17,Casper Freeman,Casper.Freeman@example.com,932-653-8020,"San Diego, USA",India Simmons,India.Simmons@example.com,605-920-3435,"San Diego, USA"
878,655,49.35,2023-02-17,Mateo Francis,Mateo.Francis@example.com,508-390-8347,"Los Angeles, USA",Hari Everett,Hari.Everett@example.com,487-669-8884,"San Francisco, USA"
582,521,7.4,2023-02-17,Yusra Norman,Yusra.Norman@example.com,945-940-4995,"Los Angeles, USA",Khalid Mclaughlin,Khalid.Mclaughlin@example.com,140-879-1467,"San Francisco, USA"
641,466,12.63,2023-02-20,Kacie Morse,Kacie.Morse@example.com,108-917-7237,"Toronto, Canada",Charis Cotton,Charis.Cotton@example.com,598-771-1224,"Toronto, Canada"
223,856,50.51,2023-02-21,Rupert Mejia,Rupert.Mejia@example.com,194-235-2353,"San Francisco, USA",Maisie Cunningham,Maisie.Cunningham@example.com,389-110-9784,"Los Angeles, USA"
147,593,6.14,2023-02-22,Eleanor Mcintosh,Eleanor.Mcintosh@example.com,153-538-3431,"Toronto, Canada",Danyal Lang,Danyal.Lang@example.com,629-875-4423,"Toronto, Canada"
1000,69,21.2,2023-02-23,Simeon Mccall,Simeon.Mccall@example.com,135-125-7738,"San Francisco, USA",Saoirse Keller,Saoirse.Keller@example.com,699-966-4749,"San Francisco, USA"
163,879,4.43,2023-02-27,Talha Austin,Talha.Austin@example.com,279-345-3532,"New York, USA",Lucy Fuentes,Lucy.Fuentes@example.com,427-948-5524,"New York, USA"
900,314,96.19,2023-02-27,Zane Oconnor,Zane.Oconnor@example.com,108-772-5524,"Chicago, USA",Neve Hendrix,Neve.Hendrix@example.com,965-871-6717,"Chicago, USA"
154,242,15.28,2023-02-28,Thomas English,Thomas.English@example.com,891-190-2889,"New York, USA",Hazel Joseph,Hazel.Joseph@example.com,272-647-4049,"New York, USA"
259,157,44.69,2023-03-01,Lily Chan,Lily.Chan@example.com,390-911-6534,"San Francisco, USA",Aimee Duffy,Aimee.Duffy@example.com,856-144-7655,"San Diego, USA"
369,204,29.11,2023-03-01,Reggie Strong,Reggie.Strong@example.com,459-645-8476,"Toronto, Canada",Philippa Webster,Philippa.Webster@example.com,407-892-7705,"Toronto, Canada"
722,314,39.85,2023-03-05,Nannie Hunt,Nannie.Hunt@example.com,290-190-1157,"Chicago, USA",Neve Hendrix,Neve.Hendrix@example.com,965-871-6717,"Chicago, USA"
374,110,3.38,2023-03-07,Sara Harris,Sara.Harris@example.com,549-750-2047,"San Francisco, USA",Pearl Perez,Pearl.Perez@example.com,947-926-6369,"San Francisco, USA"
957,940,60.7,2023-03-08,Effie Jordan,Effie.Jordan@example.com,778-566-2709,"San Francisco, USA",Marilyn Hart,Marilyn.Hart@example.com,635-581-5074,"Los Angeles, USA"
64,598,11.55,2023-03-11,Jason Snyder,Jason.Snyder@example.com,202-632-2346,"San Francisco, USA",Monica Bruce,Monica.Bruce@example.com,302-368-5572,"Los Angeles, USA"
956,241,33.0,2023-03-14,Zakariya Stuart,Zakariya.Stuart@example.com,192-776-4957,"Los Angeles, USA",Chris Zimmerman,Chris.Zimmerman@example.com,371-875-4229,"San Diego, USA"
411,405,22.73,2023-03-14,Candice Hooper,Candice.Hooper@example.com,382-506-1338,"Toronto, Canada",Cecily Blaese,Cecily.Blaese@example.com,234-446-2115,"Toronto, Canada"
112,169,71.55,2023-03-17,Aiden Galvan,Aiden.Galvan@example.com,559-282-1575,"San Diego, USA",Katy Harrington,Katy.Harrington@example.com,645-829-7495,"San Francisco, USA"
712,248,10.43,2023-03-17,Bronte Mendoza,Bronte.Mendoza@example.com,323-783-6615,"Toronto, Canada",Bethan Franco,Bethan.Franco@example.com,317-895-5803,"Toronto, Canada"
583,555,18.98,2023-03-19,Bryony Stevens,Bryony.Stevens@example.com,537-447-5075,"New York, USA",Ammar Floyd,Ammar.Floyd@example.com,960-107-6796,"New York, USA"
441,882,58.55,2023-03-22,Conrad Hanna,Conrad.Hanna@example.com,934-954-3387,"San Diego, USA",Josie Holt,Josie.Holt@example.com,745-483-6160,"Los Angeles, USA"
710,595,8.35,2023-03-22,Candice Moyer,Candice.Moyer@example.com,964-229-5609,"San Francisco, USA",Archie Gregory,Archie.Gregory@example.com,945-301-2904,"San Diego, USA"
991,380,51.59,2023-03-25,Marion Webster,Marion.Webster@example.com,169-218-9165,"Toronto, Canada",James Warner,James.Warner@example.com,839-312-5829,"Toronto, Canada"
397,753,75.66,2023-03-26,Zaynab Salas,Zaynab.Salas@example.com,696-692-1941,"San Diego, USA",Anais Ball,Anais.Ball@example.com,802-416-6545,"San Diego, USA"
806,825,5.77,2023-03-27,Miriam Stuart,Miriam.Stuart@example.com,846-333-2100,"Montreal, Canada",Chiara Ho,Chiara.Ho@example.com,279-331-5254,"Montreal, Canada"
932,676,70.99,2023-03-28,Ayden Valentine,Ayden.Valentine@example.com,208-392-1702,"San Francisco, USA",Oliwia Harvey,Oliwia.Harvey@example.com,143-701-8741,"San Francisco, USA"
127,842,26.11,2023-03-28,Zoya Giles,Zoya.Giles@example.com,301-750-7631,"Toronto, Canada",Nancy Blair,Nancy.Blair@example.com,434-174-7916,"Toronto, Canada"
749,972,8.84,2023-03-30,Tobias Beltran,Tobias.Beltran@example.com,598-751-1029,"Chicago, USA",Rhiannon Vaughan,Rhiannon.Vaughan@example.com,206-626-6238,"Chicago, USA"
973,877,1.67,2023-04-01,Jean Winters,Jean.Winters@example.com,526-938-2752,"San Diego, USA",Drew Orozco,Drew.Orozco@example.com,531-709-2553,"San Diego, USA"
566,984,56.83,2023-04-01,Cruz Neal,Cruz.Neal@example.com,732-513-2567,"Chicago, USA",Adrian Joseph,Adrian.Joseph@example.com,808-456-6071,"Chicago, USA"
857,603,46.99,2023-04-04,Clementine Beck,Clementine.Beck@example.com,607-793-6646,"San Diego, USA",Bilal Shaffer,Bilal.Shaffer@example.com,308-774-7278,"San Diego, USA"
811,375,73.1,2023-04-04,Dante Moon,Dante.Moon@example.com,285-551-6208,"New York, USA",Brandon Rangel,Brandon.Rangel@example.com,417-706-8052,"New York, USA"
189,883,24.84,2023-04-06,Darcey Whitney,Darcey.Whitney@example.com,483-860-2350,"San Francisco, USA",Daniela James,Daniela.James@example.com,716-145-3987,"San Francisco, USA"
349,528,27.28,2023-04-06,Rachael Shields,Rachael.Shields@example.com,557-384-9605,"New York, USA",Md Booker,Md.Booker@example.com,544-944-1609,"New York, USA"
984,509,42.7,2023-04-06,Adrian Joseph,Adrian.Joseph@example.com,808-456-6071,"Chicago, USA",Lukas Howard,Lukas.Howard@example.com,846-508-8212,"Chicago, USA"
939,926,15.67,2023-04-07,Alyssa Bradshaw,Alyssa.Bradshaw@example.com,606-353-8050,"San Diego, USA",Ann John,Ann.John@example.com,814-362-6094,"San Francisco, USA"
695,369,10.85,2023-04-08,Xander Levine,Xander.Levine@example.com,790-969-1579,"Toronto, Canada",Reggie Strong,Reggie.Strong@example.com,459-645-8476,"Toronto, Canada"
712,123,8.49,2023-04-09,Bronte Mendoza,Bronte.Mendoza@example.com,323-783-6615,"Toronto, Canada",Finnian Fisher,Finnian.Fisher@example.com,382-879-9946,"Toronto, Canada"
249,961,2.97,2023-04-10,Clementine Whitaker,Clementine.Whitaker@example.com,193-348-3198,"Los Angeles, USA",Tobias Schultz,Tobias.Schultz@example.com,995-854-2821,"Los Angeles, USA"
938,947,61.63,2023-04-16,Alisha Hoover,Alisha.Hoover@example.com,500-251-7080,"San Diego, USA",Isra Burgess,Isra.Burgess@example.com,142-470-3907,"San Diego, USA"
337,561,25.98,2023-04-16,Xavier Mcguire,Xavier.Mcguire@example.com,329-569-7858,"San Francisco, USA",Miya Warner,Miya.Warner@example.com,204-288-1980,"Los Angeles, USA"
185,867,44.37,2023-04-17,Milton Carlson,Milton.Carlson@example.com,344-559-6014,"Los Angeles, USA",Ioan Harrington,Ioan.Harrington@example.com,803-120-2281,"San Diego, USA"
893,797,40.52,2023-04-18,Benjamin Riddle,Benjamin.Riddle@example.com,835-645-8652,"Toronto, Canada",Lilian Strickland,Lilian.Strickland@example.com,925-438-1993,"Toronto, Canada"
146,615,4.93,2023-04-21,Edith Walker,Edith.Walker@example.com,805-146-4773,"Los Angeles, USA",Katelyn Collins,Katelyn.Collins@example.com,878-870-9506,"San Diego, USA"
413,913,61.17,2023-04-24,Charlotte Trevino,Charlotte.Trevino@example.com,110-715-4620,"New York, USA",Ricardo Odling,Ricardo.Odling@example.com,218-272-9415,"New York, USA"
986,408,43.65,2023-04-30,Rosanna Dyer,Rosanna.Dyer@example.com,512-600-6692,"Los Angeles, USA",Adnan Moore,Adnan.Moore@example.com,132-644-9432,"San Francisco, USA"
93,242,56.3,2023-04-30,Elif Khan,Elif.Khan@example.com,686-123-8571,"New York, USA",Hazel Joseph,Hazel.Joseph@example.com,272-647-4049,"New York, USA"
874,439,27.29,2023-05-03,Alasdair Mckinney,Alasdair.Mckinney@example.com,608-300-8331,"Montreal, Canada",Leona Daugherty,Leona.Daugherty@example.com,815-288-7354,"Montreal, Canada"
342,827,45.99,2023-05-04,Alfred Stuart,Alfred.Stuart@example.com,713-145-1454,"Los Angeles, USA",Laurence Graves,Laurence.Graves@example.com,609-435-5709,"Los Angeles, USA"
116,61,62.87,2023-05-09,Gerard Vargas,Gerard.Vargas@example.com,663-149-3581,"San Diego, USA",Honor Jacobson,Honor.Jacobson@example.com,624-535-4606,"San Francisco, USA"
270,838,41.36,2023-05-09,Nelson Huff,Nelson.Huff@example.com,169-619-4582,"New York, USA",Aisha Sosa,Aisha.Sosa@example.com,964-448-9785,"New York, USA"
130,923,5.75,2023-05-11,Zohaib Hartman,Zohaib.Hartman@example.com,928-400-6426,"Montreal, Canada",Russell Long,Russell.Long@example.com,399-959-7203,"Montreal, Canada"
986,66,5.49,2023-05-12,Rosanna Dyer,Rosanna.Dyer@example.com,512-600-6692,"Los Angeles, USA",Aisha Webb,Aisha.Webb@example.com,447-728-9592,"San Francisco, USA"
718,972,13.25,2023-05-15,Esme Reeves,Esme.Reeves@example.com,151-285-9583,"Chicago, USA",Rhiannon Vaughan,Rhiannon.Vaughan@example.com,206-626-6238,"Chicago, USA"
325,149,56.12,2023-05-15,Matilda Griffin,Matilda.Griffin@example.com,176-758-4552,"Toronto, Canada",Abdirahman Mullen,Abdirahman.Mullen@example.com,669-442-8257,"Toronto, Canada"
965,162,47.07,2023-05-16,Renee Arroyo,Renee.Arroyo@example.com,706-663-4493,"Los Angeles, USA",Martina Boyle,Martina.Boyle@example.com,145-824-4775,"Los Angeles, USA"
40,320,23.94,2023-05-16,Clara Bird,Clara.Bird@example.com,958-605-3200,"San Francisco, USA",Liberty Stephenson,Liberty.Stephenson@example.com,613-740-5020,"San Francisco, USA"
646,965,27.26,2023-05-17,Brittney Ruiz,Brittney.Ruiz@example.com,259-940-6592,"San Francisco, USA",Renee Arroyo,Renee.Arroyo@example.com,706-663-4493,"Los Angeles, USA"
685,340,92.9,2023-05-17,Lisa Mcclain,Lisa.Mcclain@example.com,518-968-9659,"New York, USA",Lilly-Rose Richards,Lilly-Rose.Richards@example.com,264-213-8415,"New York, USA"
172,109,42.44,2023-05-19,Nathaniel Gonzalez,Nathaniel.Gonzalez@example.com,421-145-6627,"Chicago, USA",Huw Valentine,Huw.Valentine@example.com,441-847-1955,"Chicago, USA"
118,595,42.37,2023-05-22,Sean Bolton,Sean.Bolton@example.com,222-241-5406,"Los Angeles, USA",Archie Gregory,Archie.Gregory@example.com,945-301-2904,"San Diego, USA"
916,706,60.28,2023-05-22,Mya Ho,Mya.Ho@example.com,448-770-8204,"San Francisco, USA",Elisha Garza,Elisha.Garza@example.com,313-206-2033,"Los Angeles, USA"
965,624,31.37,2023-05-23,Renee Arroyo,Renee.Arroyo@example.com,706-663-4493,"Los Angeles, USA",Nia Adams,Nia.Adams@example.com,520-550-1148,"San Diego, USA"
224,291,7.94,2023-05-27,Lily-Rose Kaufman,Lily-Rose.Kaufman@example.com,271-963-2123,"Chicago, USA",Brooklyn Gamble,Brooklyn.Gamble@example.com,187-138-7951,"Chicago, USA"
543,369,10.87,2023-05-27,Esme Krueger,Esme.Krueger@example.com,173-138-2227,"Toronto, Canada",Reggie Strong,Reggie.Strong@example.com,459-645-8476,"Toronto, Canada"
662,423,5.7,2023-05-28,Anthony Mccullough,Anthony.Mccullough@example.com,330-176-2600,"Chicago, USA",Haaris Blevins,Haaris.Blevins@example.com,790-597-2437,"Chicago, USA"
467,64,27.35,2023-05-29,Zubair Sheppard,Zubair.Sheppard@example.com,845-425-4523,"San Francisco, USA",Jason Snyder,Jason.Snyder@example.com,202-632-2346,"San Francisco, USA"
66,796,70.4,2023-05-29,Aisha Webb,Aisha.Webb@example.com,447-728-9592,"San Francisco, USA",Robbie Hardy,Robbie.Hardy@example.com,950-716-3630,"Chicago, USA"
979,1000,27.35,2023-05-30,Myrtle Bradford,Myrtle.Bradford@example.com,960-593-3677,"San Diego, USA",Simeon Mccall,Simeon.Mccall@example.com,135-125-7738,"San Francisco, USA"
758,835,29.08,2023-05-31,Halima Maldonado,Halima.Maldonado@example.com,831-743-6220,"San Francisco, USA",Russell Carlson,Russell.Carlson@example.com,635-758-7564,"San Francisco, USA"
659,778,36.03,2023-06-01,Oliwier Gill,Oliwier.Gill@example.com,902-175-4864,"San Diego, USA",Willow Buck,Willow.Buck@example.com,472-603-6198,"San Francisco, USA"
376,888,24.51,2023-06-02,Saskia Glover,Saskia.Glover@example.com,883-302-1765,"Los Angeles, USA",Liana Baldwin,Liana.Baldwin@example.com,736-366-9050,"San Diego, USA"
363,927,69.89,2023-06-03,Layton Suarez,Layton.Suarez@example.com,909-218-5658,"San Francisco, USA",Alejandro Kent,Alejandro.Kent@example.com,915-320-3214,"Chicago, USA"
1,52,25.02,2023-06-05,Jamie Bright,Jamie.Bright@example.com,533-849-3913,"Montreal, Canada",Amaan Rangel,Amaan.Rangel@example.com,837-435-2302,"Montreal, Canada"
193,879,18.28,2023-06-05,Susie Gibbons,Susie.Gibbons@example.com,194-777-4804,"Los Angeles, USA",Lucy Fuentes,Lucy.Fuentes@example.com,427-948-5524,"New York, USA"
401,478,15.72,2023-06-06,Gloria Quinn,Gloria.Quinn@example.com,225-175-9968,"San Diego, USA",Alejandro Ali,Alejandro.Ali@example.com,685-467-9906,"San Francisco, USA"
198,327,50.3,2023-06-07,Zakir Russell,Zakir.Russell@example.com,599-588-9264,"Toronto, Canada",Oliver Sanford,Oliver.Sanford@example.com,628-646-1375,"Toronto, Canada"
901,677,5.07,2023-06-08,Lily-May Horne,Lily-May.Horne@example.com,564-761-8451,"Los Angeles, USA",Kelvin Hendricks,Kelvin.Hendricks@example.com,767-726-4455,"San Diego, USA"
72,964,8.65,2023-06-15,Kingsley Moyer,Kingsley.Moyer@example.com,927-708-1141,"San Francisco, USA",Colby Harding,Colby.Harding@example.com,584-554-7060,"San Francisco, USA"
374,936,24.47,2023-06-15,Sara Harris,Sara.Harris@example.com,549-750-2047,"San Francisco, USA",Ted Wiggins,Ted.Wiggins@example.com,153-176-3641,"San Diego, USA"
224,564,66.46,2023-06-16,Lily-Rose Kaufman,Lily-Rose.Kaufman@example.com,271-963-2123,"Chicago, USA",Craig Mcknight,Craig.Mcknight@example.com,634-813-9351,"Chicago, USA"
706,408,33.74,2023-06-18,Elisha Garza,Elisha.Garza@example.com,313-206-2033,"Los Angeles, USA",Adnan Moore,Adnan.Moore@example.com,132-644-9432,"San Francisco, USA"
364,932,35.42,2023-06-19,Markus Weaver,Markus.Weaver@example.com,806-124-5977,"Los Angeles, USA",Ayden Valentine,Ayden.Valentine@example.com,208-392-1702,"San Francisco, USA"
871,12,49.84,2023-06-19,Ronnie Burch,Ronnie.Burch@example.com,184-620-1928,"San Diego, USA",Hussain Santos,Hussain.Santos@example.com,379-352-6285,"San Diego, USA"
764,989,11.87,2023-06-19,Cecily Escobar,Cecily.Escobar@example.com,840-532-1467,"New York, USA",Leyla Finley,Leyla.Finley@example.com,743-377-7767,"New York, USA"
263,714,19.32,2023-06-19,Tommy Farmer,Tommy.Farmer@example.com,999-431-4584,"Toronto, Canada",Isla Barber,Isla.Barber@example.com,860-505-2643,"Toronto, Canada"
769,423,45.0,2023-06-19,Marilyn Scott,Marilyn.Scott@example.com,360-359-2274,"San Francisco, USA",Haaris Blevins,Haaris.Blevins@example.com,790-597-2437,"Chicago, USA"
631,773,29.8,2023-06-21,Brooklyn Fowler,Brooklyn.Fowler@example.com,933-501-9509,"San Francisco, USA",Luqman Larson,Luqman.Larson@example.com,100-329-7363,"San Francisco, USA"
85,944,20.47,2023-06-21,Clarence Hanson,Clarence.Hanson@example.com,743-908-5464,"Chicago, USA",Hiba Hicks,Hiba.Hicks@example.com,640-390-3390,"Chicago, USA"
935,989,4.98,2023-06-22,Chloe Mullen,Chloe.Mullen@example.com,723-357-7363,"New York, USA",Leyla Finley,Leyla.Finley@example.com,743-377-7767,"New York, USA"
314,705,47.41,2023-06-25,Neve Hendrix,Neve.Hendrix@example.com,965-871-6717,"Chicago, USA",Vincent Garrison,Vincent.Garrison@example.com,598-173-8153,"Chicago, USA"
473,287,30.01,2023-06-26,Hayden Lucas,Hayden.Lucas@example.com,527-308-6637,"Montreal, Canada",Jan Daniels,Jan.Daniels@example.com,305-449-8274,"Montreal, Canada"
907,660,60.75,2023-06-26,Samia Bradley,Samia.Bradley@example.com,363-816-6259,"San Diego, USA",Zayn Kaufman,Zayn.Kaufman@example.com,893-890-8415,"Chicago, USA"
986,249,12.74,2023-06-30,Rosanna Dyer,Rosanna.Dyer@example.com,512-600-6692,"Los Angeles, USA",Clementine Whitaker,Clementine.Whitaker@example.com,193-348-3198,"Los Angeles, USA"
746,55,65.61,2023-06-30,Isabelle Jenkins,Isabelle.Jenkins@example.com,724-444-3001,"San Diego, USA",Ernest Martinez,Ernest.Martinez@example.com,448-597-4211,"San Diego, USA"
868,865,81.69,2023-07-02,Cecilia David,Cecilia.David@example.com,919-925-5280,"New York, USA",Christina Blanchard,Christina.Blanchard@example.com,420-887-3636,"New York, USA"
973,648,20.26,2023-07-03,Jean Winters,Jean.Winters@example.com,526-938-2752,"San Diego, USA",Luna Levy,Luna.Levy@example.com,855-484-1981,"San Francisco, USA"
996,318,12.77,2023-07-03,Maria Stephens,Maria.Stephens@example.com,798-578-4631,"Toronto, Canada",Mario Luna,Mario.Luna@example.com,547-624-3479,"Toronto, Canada"
835,501,34.41,2023-07-10,Russell Carlson,Russell.Carlson@example.com,635-758-7564,"San Francisco, USA",Nannie Carr,Nannie.Carr@example.com,175-709-3929,"San Francisco, USA"
72,443,51.51,2023-07-12,Kingsley Moyer,Kingsley.Moyer@example.com,927-708-1141,"San Francisco, USA",Miguel Guerrero,Miguel.Guerrero@example.com,542-618-4471,"San Francisco, USA"
918,269,41.46,2023-07-12,William Franco,William.Franco@example.com,196-468-3312,"Toronto, Canada",Yusuf Salazar,Yusuf.Salazar@example.com,311-351-7403,"Toronto, Canada"
82,850,44.1,2023-07-15,Casper Freeman,Casper.Freeman@example.com,932-653-8020,"San Diego, USA",Taylor Woods,Taylor.Woods@example.com,294-365-8364,"Chicago, USA"
770,602,4.46,2023-07-18,Jannat Landry,Jannat.Landry@example.com,754-634-9309,"Los Angeles, USA",Jazmin Lopez,Jazmin.Lopez@example.com,116-866-3838,"Los Angeles, USA"
631,913,137.01,2023-07-21,Brooklyn Fowler,Brooklyn.Fowler@example.com,933-501-9509,"San Francisco, USA",Ricardo Odling,Ricardo.Odling@example.com,218-272-9415,"New York, USA"
231,874,30.03,2023-07-22,Darcy Wall,Darcy.Wall@example.com,109-398-3560,"Montreal, Canada",Alasdair Mckinney,Alasdair.Mckinney@example.com,608-300-8331,"Montreal, Canada"
667,98,84.55,2023-07-28,Theresa Bentley,Theresa.Bentley@example.com,553-407-1049,"San Francisco, USA",Traci Banks,Traci.Banks@example.com,313-374-6903,"San Francisco, USA"
682,749,40.33,2023-07-29,Laura Valdez,Laura.Valdez@example.com,766-901-1157,"Los Angeles, USA",Tobias Beltran,Tobias.Beltran@example.com,598-751-1029,"Chicago, USA"
74,664,31.96,2023-07-31,Myrtle Doyle,Myrtle.Doyle@example.com,525-796-7991,"Toronto, Canada",Zara Oconnell,Zara.Oconnell@example.com,543-537-6044,"Toronto, Canada"
686,901,15.01,2023-08-01,Mohamed Miller,Mohamed.Miller@example.com,883-481-7339,"San Diego, USA",Lily-May Horne,Lily-May.Horne@example.com,564-761-8451,"Los Angeles, USA"
738,874,71.33,2023-08-02,Gertrude Mcgrath,Gertrude.Mcgrath@example.com,364-150-1035,"Toronto, Canada",Alasdair Mckinney,Alasdair.Mckinney@example.com,608-300-8331,"Montreal, Canada"
323,37,22.32,2023-08-03,Seren Rocha,Seren.Rocha@example.com,880-236-4632,"Toronto, Canada",Lili Schroeder,Lili.Schroeder@example.com,640-348-2128,"Toronto, Canada"
193,647,43.57,2023-08-08,Susie Gibbons,Susie.Gibbons@example.com,194-777-4804,"Los Angeles, USA",Jaxson Moss,Jaxson.Moss@example.com,499-701-5813,"San Francisco, USA"
970,705,5.37,2023-08-11,Qasim Bullock,Qasim.Bullock@example.com,392-468-4297,"Chicago, USA",Vincent Garrison,Vincent.Garrison@example.com,598-173-8153,"Chicago, USA"
719,113,67.37,2023-08-14,Marnie White,Marnie.White@example.com,267-434-1395,"San Francisco, USA",Kaan Miranda,Kaan.Miranda@example.com,940-569-5175,"San Francisco, USA"
108,592,3.86,2023-08-15,Mohsin Tucker,Mohsin.Tucker@example.com,174-389-8757,"Toronto, Canada",Jamil Shepherd,Jamil.Shepherd@example.com,298-276-5058,"Toronto, Canada"
710,184,23.59,2023-08-15,Candice Moyer,Candice.Moyer@example.com,964-229-5609,"San Francisco, USA",David Bridges,David.Bridges@example.com,946-447-2454,"New York, USA"
701,947,85.97,2023-08-17,Tamsin Stein,Tamsin.Stein@example.com,953-386-1321,"Los Angeles, USA",Isra Burgess,Isra.Burgess@example.com,142-470-3907,"San Diego, USA"
979,924,38.71,2023-08-17,Myrtle Bradford,Myrtle.Bradford@example.com,960-593-3677,"San Diego, USA",Kendra Francis,Kendra.Francis@example.com,680-603-3144,"San Francisco, USA"
571,954,22.82,2023-08-19,Keelan Thompson,Keelan.Thompson@example.com,254-156-9308,"San Francisco, USA",Aston Villegas,Aston.Villegas@example.com,553-640-6714,"Los Angeles, USA"
590,555,45.29,2023-08-20,Susannah Kane,Susannah.Kane@example.com,172-773-1455,"New York, USA",Ammar Floyd,Ammar.Floyd@example.com,960-107-6796,"New York, USA"
419,986,8.47,2023-08-21,Celine Calderon,Celine.Calderon@example.com,110-293-2276,"San Diego, USA",Rosanna Dyer,Rosanna.Dyer@example.com,512-600-6692,"Los Angeles, USA"
870,95,16.9,2023-08-21,Stacey Manning,Stacey.Manning@example.com,981-952-6391,"Los Angeles, USA",Miles Fisher,Miles.Fisher@example.com,702-511-6770,"San Diego, USA"
274,382,12.26,2023-08-21,Bronte Riley,Bronte.Riley@example.com,786-291-8203,"Toronto, Canada",Zachery Snow,Zachery.Snow@example.com,354-295-2894,"Toronto, Canada"
138,796,68.32,2023-08-22,Adnan Allen,Adnan.Allen@example.com,561-365-7378,"Chicago, USA",Robbie Hardy,Robbie.Hardy@example.com,950-716-3630,"Chicago, USA"
815,925,26.48,2023-08-23,Aurora Andrews,Aurora.Andrews@example.com,353-307-2005,"San Diego, USA",Yasmine Scott,Yasmine.Scott@example.com,300-321-6761,"San Diego, USA"
303,993,28.82,2023-08-24,Nikita Marquez,Nikita.Marquez@example.com,492-815-1793,"Montreal, Canada",Jayson Sutton,Jayson.Sutton@example.com,289-775-9088,"Montreal, Canada"
792,925,18.76,2023-08-25,Emilie Frye,Emilie.Frye@example.com,193-516-9014,"San Francisco, USA",Yasmine Scott,Yasmine.Scott@example.com,300-321-6761,"San Diego, USA"
124,546,7.1,2023-08-26,Carol York,Carol.York@example.com,402-586-5192,"San Diego, USA",Lenny Patrick,Lenny.Patrick@example.com,109-247-6898,"San Francisco, USA"
592,809,55.38,2023-08-26,Jamil Shepherd,Jamil.Shepherd@example.com,298-276-5058,"Toronto, Canada",Abdullahi Carson,Abdullahi.Carson@example.com,632-547-8327,"Toronto, Canada"
36,924,67.92,2023-08-28,Dominik Odling,Dominik.Odling@example.com,365-145-3897,"Los Angeles, USA",Kendra Francis,Kendra.Francis@example.com,680-603-3144,"San Francisco, USA"
411,269,20.84,2023-08-28,Candice Hooper,Candice.Hooper@example.com,382-506-1338,"Toronto, Canada",Yusuf Salazar,Yusuf.Salazar@example.com,311-351-7403,"Toronto, Canada"
62,885,9.12,2023-08-30,Ty Mcintyre,Ty.Mcintyre@example.com,743-856-9854,"San Francisco, USA",Omar Ashley,Omar.Ashley@example.com,156-912-7263,"Los Angeles, USA"
455,224,96.59,2023-09-05,Margaret Woods,Margaret.Woods@example.com,693-338-9657,"Chicago, USA",Lily-Rose Kaufman,Lily-Rose.Kaufman@example.com,271-963-2123,"Chicago, USA"
116,960,3.75,2023-09-07,Gerard Vargas,Gerard.Vargas@example.com,663-149-3581,"San Diego, USA",Lewis Mcmahon,Lewis.Mcmahon@example.com,682-426-4872,"San Francisco, USA"
326,109,60.78,2023-09-08,Archibald Melendez,Archibald.Melendez@example.com,553-482-8315,"Chicago, USA",Huw Valentine,Huw.Valentine@example.com,441-847-1955,"Chicago, USA"
546,916,59.51,2023-09-10,Lenny Patrick,Lenny.Patrick@example.com,109-247-6898,"San Francisco, USA",Mya Ho,Mya.Ho@example.com,448-770-8204,"San Francisco, USA"
856,415,21.78,2023-09-11,Maisie Cunningham,Maisie.Cunningham@example.com,389-110-9784,"Los Angeles, USA",Christopher Pollard,Christopher.Pollard@example.com,915-743-9764,"San Diego, USA"
335,234,28.18,2023-09-12,Aaminah Daniel,Aaminah.Daniel@example.com,877-314-7868,"New York, USA",Esmee Harmon,Esmee.Harmon@example.com,271-604-3446,"New York, USA"
1,825,20.31,2023-09-13,Jamie Bright,Jamie.Bright@example.com,533-849-3913,"Montreal, Canada",Chiara Ho,Chiara.Ho@example.com,279-331-5254,"Montreal, Canada"
897,981,78.71,2023-09-14,Zoe Decker,Zoe.Decker@example.com,197-454-9658,"Los Angeles, USA",Gwen Norris,Gwen.Norris@example.com,699-606-9952,"San Diego, USA"
10,211,62.25,2023-09-14,Keith Donovan,Keith.Donovan@example.com,549-515-6738,"Chicago, USA",Gerard Francis,Gerard.Francis@example.com,958-724-3846,"Chicago, USA"
248,135,130.62,2023-09-18,Bethan Franco,Bethan.Franco@example.com,317-895-5803,"Toronto, Canada",Bertie Ward,Bertie.Ward@example.com,971-922-8663,"Montreal, Canada"
638,674,30.12,2023-09-23,Jamie Berg,Jamie.Berg@example.com,397-515-6866,"Los Angeles, USA",Mahir Cooper,Mahir.Cooper@example.com,829-570-7880,"San Francisco, USA"
683,830,51.35,2023-09-24,Irene Kim,Irene.Kim@example.com,946-883-2145,"San Francisco, USA",Adem Mccoy,Adem.Mccoy@example.com,885-779-4082,"San Francisco, USA"
156,429,6.29,2023-09-24,Alia Brooks,Alia.Brooks@example.com,327-292-8469,"Montreal, Canada",Mike Hurst,Mike.Hurst@example.com,488-247-6930,"Montreal, Canada"
84,697,51.67,2023-09-25,Safia Ayers,Safia.Ayers@example.com,512-649-7865,"San Francisco, USA",Donald Horne,Donald.Horne@example.com,738-911-3567,"San Francisco, USA"
696,879,66.3,2023-09-25,Anais Pineda,Anais.Pineda@example.com,609-304-3412,"New York, USA",Lucy Fuentes,Lucy.Fuentes@example.com,427-948-5524,"New York, USA"
382,356,7.77,2023-09-25,Zachery Snow,Zachery.Snow@example.com,354-295-2894,"Toronto, Canada",Romeo Martin,Romeo.Martin@example.com,834-460-4855,"Toronto, Canada"
873,960,18.45,2023-09-26,Luke Graham,Luke.Graham@example.com,132-159-2485,"San Diego, USA",Lewis Mcmahon,Lewis.Mcmahon@example.com,682-426-4872,"San Francisco, USA"
965,896,16.9,2023-09-28,Renee Arroyo,Renee.Arroyo@example.com,706-663-4493,"Los Angeles, USA",Jordanne Juarez,Jordanne.Juarez@example.com,376-601-8743,"San Francisco, USA"
346,135,1.0,2023-09-29,Caiden Kaufman,Caiden.Kaufman@example.com,805-349-3127,"Montreal, Canada",Bertie Ward,Bertie.Ward@example.com,971-922-8663,"Montreal, Canada"
1,749,31.2,2023-09-29,Jamie Bright,Jamie.Bright@example.com,533-849-3913,"Montreal, Canada",Tobias Beltran,Tobias.Beltran@example.com,598-751-1029,"Chicago, USA"
974,838,7.29,2023-09-30,Jared Hamilton,Jared.Hamilton@example.com,642-707-7765,"New York, USA",Aisha Sosa,Aisha.Sosa@example.com,964-448-9785,"New York, USA"
933,957,6.61,2023-10-01,Kaine Blankenship,Kaine.Blankenship@example.com,294-274-7917,"San Diego, USA",Effie Jordan,Effie.Jordan@example.com,778-566-2709,"San Francisco, USA"
758,920,18.48,2023-10-02,Halima Maldonado,Halima.Maldonado@example.com,831-743-6220,"San Francisco, USA",Kamil Bernard,Kamil.Bernard@example.com,400-528-1349,"San Francisco, USA"
938,973,59.58,2023-10-02,Alisha Hoover,Alisha.Hoover@example.com,500-251-7080,"San Diego, USA",Jean Winters,Jean.Winters@example.com,526-938-2752,"San Diego, USA"
111,895,5.37,2023-10-04,Harriett Mccoy,Harriett.Mccoy@example.com,956-438-3865,"San Francisco, USA",Kamil Guzman,Kamil.Guzman@example.com,641-829-6099,"San Francisco, USA"
768,543,41.86,2023-10-04,Caleb Obrien,Caleb.Obrien@example.com,223-387-1014,"Toronto, Canada",Esme Krueger,Esme.Krueger@example.com,173-138-2227,"Toronto, Canada"
902,190,66.63,2023-10-05,Mitchell Murray,Mitchell.Murray@example.com,939-709-6815,"San Francisco, USA",Charlotte Baxter,Charlotte.Baxter@example.com,757-193-7348,"San Francisco, USA"
717,361,31.77,2023-10-06,Barry Taylor,Barry.Taylor@example.com,999-341-2797,"San Francisco, USA",Joel Baldwin,Joel.Baldwin@example.com,161-534-8719,"San Diego, USA"
963,850,1.0,2023-10-07,Billy Norton,Billy.Norton@example.com,816-614-5153,"Chicago, USA",Taylor Woods,Taylor.Woods@example.com,294-365-8364,"Chicago, USA"
370,494,4.18,2023-10-08,Darcey Powell,Darcey.Powell@example.com,558-608-9550,"San Diego, USA",Bryan Caldwell,Bryan.Caldwell@example.com,161-104-1451,"San Francisco, USA"
89,693,51.23,2023-10-12,Everett Fitzpatrick,Everett.Fitzpatrick@example.com,520-305-7264,"New York, USA",Jayden Dunlap,Jayden.Dunlap@example.com,626-458-8110,"New York, USA"
285,147,36.98,2023-10-13,Lorna Levy,Lorna.Levy@example.com,809-114-1988,"Toronto, Canada",Eleanor Mcintosh,Eleanor.Mcintosh@example.com,153-538-3431,"Toronto, Canada"
712,892,43.03,2023-10-14,Bronte Mendoza,Bronte.Mendoza@example.com,323-783-6615,"Toronto, Canada",Sydney Pratt,Sydney.Pratt@example.com,297-838-1084,"Toronto, Canada"
335,937,41.1,2023-10-17,Aaminah Daniel,Aaminah.Daniel@example.com,877-314-7868,"New York, USA",Nina Mathews,Nina.Mathews@example.com,863-385-2205,"New York, USA"
103,392,36.88,2023-10-18,Caspar Hudson,Caspar.Hudson@example.com,830-584-4874,"Toronto, Canada",Kyle Joseph,Kyle.Joseph@example.com,499-600-6164,"Toronto, Canada"
213,995,2.49,2023-10-18,Kyran Wyatt,Kyran.Wyatt@example.com,778-841-9881,"Montreal, Canada",Raja Reeves,Raja.Reeves@example.com,990-569-7356,"Montreal, Canada"
237,973,59.93,2023-10-20,Carter Coleman,Carter.Coleman@example.com,530-826-1153,"San Francisco, USA",Jean Winters,Jean.Winters@example.com,526-938-2752,"San Diego, USA"
105,118,49.49,2023-10-22,Franklin Conway,Franklin.Conway@example.com,768-545-4465,"San Diego, USA",Sean Bolton,Sean.Bolton@example.com,222-241-5406,"Los Angeles, USA"
739,748,28.43,2023-10-23,Lewis Brooks,Lewis.Brooks@example.com,737-205-4525,"New York, USA",Montgomery Davila,Montgomery.Davila@example.com,267-999-7224,"New York, USA"
553,165,64.96,2023-10-23,Rajan Fletcher,Rajan.Fletcher@example.com,443-159-6306,"Chicago, USA",Amira Berg,Amira.Berg@example.com,627-954-8991,"Chicago, USA"
108,592,35.97,2023-10-23,Mohsin Tucker,Mohsin.Tucker@example.com,174-389-8757,"Toronto, Canada",Jamil Shepherd,Jamil.Shepherd@example.com,298-276-5058,"Toronto, Canada"
706,540,14.05,2023-10-24,Elisha Garza,Elisha.Garza@example.com,313-206-2033,"Los Angeles, USA",Savannah Boone,Savannah.Boone@example.com,159-573-6793,"Los Angeles, USA"
601,216,3.43,2023-10-24,Rio Pennington,Rio.Pennington@example.com,473-123-1959,"New York, USA",Nataniel Nunez,Nataniel.Nunez@example.com,202-158-5194,"New York, USA"
980,593,53.68,2023-10-24,Kacie Lester,Kacie.Lester@example.com,673-651-6332,"Toronto, Canada",Danyal Lang,Danyal.Lang@example.com,629-875-4423,"Toronto, Canada"
840,939,13.24,2023-10-25,Mason Kelley,Mason.Kelley@example.com,185-970-1196,"San Francisco, USA",Alyssa Bradshaw,Alyssa.Bradshaw@example.com,606-353-8050,"San Diego, USA"
322,968,70.74,2023-10-25,Melissa Harding,Melissa.Harding@example.com,614-765-9511,"San Francisco, USA",Roosevelt Huff,Roosevelt.Huff@example.com,348-716-1274,"New York, USA"
982,9,28.56,2023-10-26,Myles Sharpe,Myles.Sharpe@example.com,420-682-4722,"Toronto, Canada",Asa Vazquez,Asa.Vazquez@example.com,504-421-4485,"Toronto, Canada"
342,838,61.74,2023-10-27,Alfred Stuart,Alfred.Stuart@example.com,713-145-1454,"Los Angeles, USA",Aisha Sosa,Aisha.Sosa@example.com,964-448-9785,"New York, USA"
897,54,80.48,2023-10-28,Zoe Decker,Zoe.Decker@example.com,197-454-9658,"Los Angeles, USA",Bethany Santana,Bethany.Santana@example.com,924-146-4189,"New York, USA"
209,563,7.57,2023-10-29,Eliot Stokes,Eliot.Stokes@example.com,864-975-1957,"Los Angeles, USA",Safaa Sharpe,Safaa.Sharpe@example.com,648-955-3738,"San Francisco, USA"
185,163,1.0,2023-10-29,Milton Carlson,Milton.Carlson@example.com,344-559-6014,"Los Angeles, USA",Talha Austin,Talha.Austin@example.com,279-345-3532,"New York, USA"
748,506,37.89,2023-10-31,Montgomery Davila,Montgomery.Davila@example.com,267-999-7224,"New York, USA",Jude Manning,Jude.Manning@example.com,705-992-3397,"New York, USA"
363,966,38.71,2023-11-05,Layton Suarez,Layton.Suarez@example.com,909-218-5658,"San Francisco, USA",Marjorie Munoz,Marjorie.Munoz@example.com,385-637-4138,"Los Angeles, USA"
783,978,3.72,2023-11-07,Saira Lewis,Saira.Lewis@example.com,921-562-9790,"New York, USA",Zain Haney,Zain.Haney@example.com,206-514-3761,"New York, USA"
802,947,59.94,2023-11-15,Eleni Maxwell,Eleni.Maxwell@example.com,449-237-4755,"San Diego, USA",Isra Burgess,Isra.Burgess@example.com,142-470-3907,"San Diego, USA"
473,287,3.78,2023-11-15,Hayden Lucas,Hayden.Lucas@example.com,527-308-6637,"Montreal, Canada",Jan Daniels,Jan.Daniels@example.com,305-449-8274,"Montreal, Canada"
43,961,37.86,2023-11-16,Elena Pineda,Elena.Pineda@example.com,617-226-9486,"Los Angeles, USA",Tobias Schultz,Tobias.Schultz@example.com,995-854-2821,"Los Angeles, USA"
58,236,53.23,2023-11-16,Orlando Pitts,Orlando.Pitts@example.com,427-711-9658,"Los Angeles, USA",Gloria Mason,Gloria.Mason@example.com,495-379-8123,"Los Angeles, USA"
865,913,22.82,2023-11-16,Christina Blanchard,Christina.Blanchard@example.com,420-887-3636,"New York, USA",Ricardo Odling,Ricardo.Odling@example.com,218-272-9415,"New York, USA"
573,773,1.0,2023-11-17,Arron Herman,Arron.Herman@example.com,999-222-5375,"San Diego, USA",Luqman Larson,Luqman.Larson@example.com,100-329-7363,"San Francisco, USA"
888,436,1.92,2023-11-17,Liana Baldwin,Liana.Baldwin@example.com,736-366-9050,"San Diego, USA",Alan Burton,Alan.Burton@example.com,795-682-8733,"San Francisco, USA"
601,913,10.48,2023-11-19,Rio Pennington,Rio.Pennington@example.com,473-123-1959,"New York, USA",Ricardo Odling,Ricardo.Odling@example.com,218-272-9415,"New York, USA"
854,268,70.32,2023-11-21,Ffion Knight,Ffion.Knight@example.com,233-159-4158,"San Diego, USA",Johnny Ford,Johnny.Ford@example.com,760-126-9651,"San Francisco, USA"
255,668,52.93,2023-11-24,Miriam Pacheco,Miriam.Pacheco@example.com,401-464-5796,"San Diego, USA",Joshua Bonner,Joshua.Bonner@example.com,550-710-1849,"San Francisco, USA"
263,105,10.03,2023-11-24,Tommy Farmer,Tommy.Farmer@example.com,999-431-4584,"Toronto, Canada",Franklin Conway,Franklin.Conway@example.com,768-545-4465,"San Diego, USA"
662,312,40.5,2023-11-25,Anthony Mccullough,Anthony.Mccullough@example.com,330-176-2600,"Chicago, USA",Marissa Rubio,Marissa.Rubio@example.com,400-815-9011,"Chicago, USA"
817,441,88.66,2023-11-26,Renee Mullen,Renee.Mullen@example.com,185-170-8307,"San Diego, USA",Conrad Hanna,Conrad.Hanna@example.com,934-954-3387,"San Diego, USA"
656,493,4.7,2023-11-26,Tomos Velez,Tomos.Velez@example.com,233-661-3978,"Los Angeles, USA",Jazmine Harper,Jazmine.Harper@example.com,956-324-6086,"Los Angeles, USA"
250,192,11.65,2023-11-28,Sarah Mooney,Sarah.Mooney@example.com,507-446-1333,"Chicago, USA",Leonie Sanders,Leonie.Sanders@example.com,248-366-9279,"Chicago, USA"
924,940,1.67,2023-11-30,Kendra Francis,Kendra.Francis@example.com,680-603-3144,"San Francisco, USA",Marilyn Hart,Marilyn.Hart@example.com,635-581-5074,"Los Angeles, USA"
986,286,8.34,2023-12-03,Rosanna Dyer,Rosanna.Dyer@example.com,512-600-6692,"Los Angeles, USA",Cordelia Marquez,Cordelia.Marquez@example.com,636-910-2488,"Los Angeles, USA"
244,738,1.0,2023-12-03,Taylor Ramos,Taylor.Ramos@example.com,833-282-1248,"Toronto, Canada",Gertrude Mcgrath,Gertrude.Mcgrath@example.com,364-150-1035,"Toronto, Canada"
903,318,3.92,2023-12-03,Dominik Velez,Dominik.Velez@example.com,149-740-6115,"San Francisco, USA",Mario Luna,Mario.Luna@example.com,547-624-3479,"Toronto, Canada"
754,108,2.89,2023-12-04,Adem Kerr,Adem.Kerr@example.com,219-873-6077,"Toronto, Canada",Mohsin Tucker,Mohsin.Tucker@example.com,174-389-8757,"Toronto, Canada"
646,848,82.36,2023-12-06,Brittney Ruiz,Brittney.Ruiz@example.com,259-940-6592,"San Francisco, USA",Charis Bray,Charis.Bray@example.com,175-925-8526,"Los Angeles, USA"
205,467,15.7,2023-12-08,Zoe Newman,Zoe.Newman@example.com,620-765-4496,"San Francisco, USA",Zubair Sheppard,Zubair.Sheppard@example.com,845-425-4523,"San Francisco, USA"
473,31,9.97,2023-12-08,Hayden Lucas,Hayden.Lucas@example.com,527-308-6637,"Montreal, Canada",Bradley Butler,Bradley.Butler@example.com,937-172-2269,"Montreal, Canada"
489,404,12.18,2023-12-09,Khadija Dunlap,Khadija.Dunlap@example.com,752-472-1641,"San Francisco, USA",Verity Oneal,Verity.Oneal@example.com,736-555-3571,"San Francisco, USA"
907,926,76.05,2023-12-12,Samia Bradley,Samia.Bradley@example.com,363-816-6259,"San Diego, USA",Ann John,Ann.John@example.com,814-362-6094,"San Francisco, USA"
982,763,41.16,2023-12-13,Myles Sharpe,Myles.Sharpe@example.com,420-682-4722,"Toronto, Canada",Huda Crane,Huda.Crane@example.com,243-321-6881,"Toronto, Canada"
328,538,33.17,2023-12-15,Otis Pittman,Otis.Pittman@example.com,563-494-9026,"San Diego, USA",Tristan Valdez,Tristan.Valdez@example.com,109-614-1639,"Los Angeles, USA"
274,598,19.29,2023-12-16,Bronte Riley,Bronte.Riley@example.com,786-291-8203,"Toronto, Canada",Monica Bruce,Monica.Bruce@example.com,302-368-5572,"Los Angeles, USA"
625,825,6.03,2023-12-20,Diane Kelly,Diane.Kelly@example.com,219-449-5089,"Montreal, Canada",Chiara Ho,Chiara.Ho@example.com,279-331-5254,"Montreal, Canada"
461,973,74.82,2023-12-24,Leila Hawkins,Leila.Hawkins@example.com,970-992-9362,"Los Angeles, USA",Jean Winters,Jean.Winters@example.com,526-938-2752,"San Diego, USA"
526,720,94.26,2023-12-24,Tara Brewer,Tara.Brewer@example.com,114-507-5478,"New York, USA",Giovanni Duncan,Giovanni.Duncan@example.com,679-161-6360,"New York, USA"
195,973,20.44,2023-12-25,Jorge Maldonado,Jorge.Maldonado@example.com,220-296-3772,"San Diego, USA",Jean Winters,Jean.Winters@example.com,526-938-2752,"San Diego, USA"
472,807,4.26,2023-12-25,Colby Baxter,Colby.Baxter@example.com,584-747-3867,"Los Angeles, USA",Polly Mendez,Polly.Mendez@example.com,916-453-8696,"San Francisco, USA"
85,191,46.33,2023-12-26,Clarence Hanson,Clarence.Hanson@example.com,743-908-5464,"Chicago, USA",Damon Bullock,Damon.Bullock@example.com,130-864-9453,"Chicago, USA"
578,248,15.84,2023-12-29,Demi Callahan,Demi.Callahan@example.com,713-176-8275,"Toronto, Canada",Bethan Franco,Bethan.Franco@example.com,317-895-5803,"Toronto, Canada"
827,400,59.13,2023-12-31,Laurence Graves,Laurence.Graves@example.com,609-435-5709,"Los Angeles, USA",Joanna Durham,Joanna.Durham@example.com,302-863-6548,"Los Angeles, USA"
752,438,43.27,2023-12-31,Marwa Dennis,Marwa.Dennis@example.com,444-295-8051,"Chicago, USA",Leslie Harrington,Leslie.Harrington@example.com,170-517-1270,"Chicago, USA"
620,442,15.61,2023-12-31,Neo Lara,Neo.Lara@example.com,276-319-4768,"Toronto, Canada",Lenny Hardy,Lenny.Hardy@example.com,618-571-1851,"Toronto, Canada"
846,430,11.34,2024-01-01,John Mason,John.Mason@example.com,768-888-3211,"San Diego, USA",Huw Pearson,Huw.Pearson@example.com,505-476-1251,"San Diego, USA"
430,55,36.62,2024-01-01,Huw Pearson,Huw.Pearson@example.com,505-476-1251,"San Diego, USA",Ernest Martinez,Ernest.Martinez@example.com,448-597-4211,"San Diego, USA"
65,620,19.91,2024-01-01,Aled Silva,Aled.Silva@example.com,612-360-5367,"Toronto, Canada",Neo Lara,Neo.Lara@example.com,276-319-4768,"Toronto, Canada"
214,365,18.75,2024-01-01,Eugene Taylor,Eugene.Taylor@example.com,712-926-3402,"Toronto, Canada",Martina Moran,Martina.Moran@example.com,641-323-9929,"Toronto, Canada"
878,242,54.18,2024-01-02,Mateo Francis,Mateo.Francis@example.com,508-390-8347,"Los Angeles, USA",Hazel Joseph,Hazel.Joseph@example.com,272-647-4049,"New York, USA"
108,130,24.27,2024-01-02,Mohsin Tucker,Mohsin.Tucker@example.com,174-389-8757,"Toronto, Canada",Zohaib Hartman,Zohaib.Hartman@example.com,928-400-6426,"Montreal, Canada"
309,119,140.03,2024-01-02,Barnaby Payne,Barnaby.Payne@example.com,140-296-7511,"London, United Kingdom",Arron Peck,Arron.Peck@example.com,226-392-7970,"Paris, France"
769,648,48.39,2024-01-03,Marilyn Scott,Marilyn.Scott@example.com,360-359-2274,"San Francisco, USA",Luna Levy,Luna.Levy@example.com,855-484-1981,"San Francisco, USA"
184,1,42.48,2024-01-05,David Bridges,David.Bridges@example.com,946-447-2454,"New York, USA",Jamie Bright,Jamie.Bright@example.com,533-849-3913,"Montreal, Canada"
412,173,39.98,2024-01-05,Omar Clements,Omar.Clements@example.com,998-234-1057,"Barcelona, Spain",Enya Hernandez,Enya.Hernandez@example.com,406-397-1498,"Barcelona, Spain"
66,930,13.14,2024-01-06,Aisha Webb,Aisha.Webb@example.com,447-728-9592,"San Francisco, USA",Christina Mays,Christina.Mays@example.com,333-143-8841,"San Francisco, USA"
429,579,9.21,2024-01-06,Mike Hurst,Mike.Hurst@example.com,488-247-6930,"Montreal, Canada",Sufyaan Castillo,Sufyaan.Castillo@example.com,412-479-8766,"Montreal, Canada"
714,214,13.48,2024-01-09,Isla Barber,Isla.Barber@example.com,860-505-2643,"Toronto, Canada",Eugene Taylor,Eugene.Taylor@example.com,712-926-3402,"Toronto, Canada"
954,647,51.72,2024-01-10,Aston Villegas,Aston.Villegas@example.com,553-640-6714,"Los Angeles, USA",Jaxson Moss,Jaxson.Moss@example.com,499-701-5813,"San Francisco, USA"
935,764,4.45,2024-01-10,Chloe Mullen,Chloe.Mullen@example.com,723-357-7363,"New York, USA",Cecily Escobar,Cecily.Escobar@example.com,840-532-1467,"New York, USA"
215,844,10.54,2024-01-11,Katerina Turner,Katerina.Turner@example.com,753-511-5460,"San Francisco, USA",Marnie Sheppard,Marnie.Sheppard@example.com,576-261-4653,"Los Angeles, USA"
141,245,28.59,2024-01-11,Adriana Stafford,Adriana.Stafford@example.com,473-741-6496,"Montreal, Canada",Elsie Cuevas,Elsie.Cuevas@example.com,186-536-6820,"Montreal, Canada"
263,967,38.51,2024-01-12,Tommy Farmer,Tommy.Farmer@example.com,999-431-4584,"Toronto, Canada",Emilio Stevenson,Emilio.Stevenson@example.com,293-399-2353,"Toronto, Canada"
743,563,57.21,2024-01-13,Wendy Mcclure,Wendy.Mcclure@example.com,830-402-9784,"San Diego, USA",Safaa Sharpe,Safaa.Sharpe@example.com,648-955-3738,"San Francisco, USA"
179,438,81.49,2024-01-14,Aminah Wells,Aminah.Wells@example.com,950-639-9777,"Chicago, USA",Leslie Harrington,Leslie.Harrington@example.com,170-517-1270,"Chicago, USA"
318,263,6.75,2024-01-17,Mario Luna,Mario.Luna@example.com,547-624-3479,"Toronto, Canada",Tommy Farmer,Tommy.Farmer@example.com,999-431-4584,"Toronto, Canada"
197,965,55.76,2024-01-19,Tiago Dunn,Tiago.Dunn@example.com,728-796-4352,"San Diego, USA",Renee Arroyo,Renee.Arroyo@example.com,706-663-4493,"Los Angeles, USA"
609,5,137.71,2024-01-19,Taylor Leon,Taylor.Leon@example.com,857-418-9149,"Paris, France",Beatrix Everett,Beatrix.Everett@example.com,194-640-2758,"Paris, France"
710,827,44.83,2024-01-21,Candice Moyer,Candice.Moyer@example.com,964-229-5609,"San Francisco, USA",Laurence Graves,Laurence.Graves@example.com,609-435-5709,"Los Angeles, USA"
890,948,57.48,2024-01-23,Ahmad Landry,Ahmad.Landry@example.com,207-841-9893,"Los Angeles, USA",Kobe Knapp,Kobe.Knapp@example.com,911-288-9695,"Los Angeles, USA"
731,296,4.09,2024-01-23,Denzel Black,Denzel.Black@example.com,677-290-8939,"San Francisco, USA",Steven Reid,Steven.Reid@example.com,490-977-4025,"San Francisco, USA"
919,220,57.52,2024-01-27,Ayesha Underwood,Ayesha.Underwood@example.com,687-284-9762,"San Francisco, USA",Sahar Kim,Sahar.Kim@example.com,718-676-2743,"San Francisco, USA"
262,317,4.94,2024-01-27,Everly Cortez,Everly.Cortez@example.com,954-995-1806,"Toronto, Canada",Bessie Cuevas,Bessie.Cuevas@example.com,629-379-6872,"Toronto, Canada"
922,869,99.2,2024-01-27,Luisa Haley,Luisa.Haley@example.com,916-879-3164,"Barcelona, Spain",Bibi Weaver,Bibi.Weaver@example.com,956-787-2725,"Paris, France"
341,837,1.0,2024-01-30,Alexandros Green,Alexandros.Green@example.com,725-427-2794,"San Diego, USA",Izaak Welsh,Izaak.Welsh@example.com,280-473-9965,"Los Angeles, USA"
946,433,20.12,2024-01-30,Lacie Mayer,Lacie.Mayer@example.com,412-562-8215,"Toronto, Canada",Angelo Manning,Angelo.Manning@example.com,182-351-6749,"Toronto, Canada"
1,830,8.68,2024-01-30,Jamie Bright,Jamie.Bright@example.com,533-849-3913,"Montreal, Canada",Adem Mccoy,Adem.Mccoy@example.com,885-779-4082,"San Francisco, USA"
73,420,77.35,2024-02-04,Kara Stewart,Kara.Stewart@example.com,794-314-2500,"Paris, France",Pablo Benton,Pablo.Benton@example.com,918-474-3062,"London, United Kingdom"
173,38,106.3,2024-02-04,Enya Hernandez,Enya.Hernandez@example.com,406-397-1498,"Barcelona, Spain",Jeremiah Martin,Jeremiah.Martin@example.com,277-350-5557,"London, United Kingdom"
422,460,8.96,2024-02-06,Ruby Reid,Ruby.Reid@example.com,877-977-4677,"San Francisco, USA",Demi Dennis,Demi.Dennis@example.com,429-374-1894,"Los Angeles, USA"
192,963,80.54,2024-02-06,Leonie Sanders,Leonie.Sanders@example.com,248-366-9279,"Chicago, USA",Billy Norton,Billy.Norton@example.com,816-614-5153,"Chicago, USA"
65,466,47.31,2024-02-06,Aled Silva,Aled.Silva@example.com,612-360-5367,"Toronto, Canada",Charis Cotton,Charis.Cotton@example.com,598-771-1224,"Toronto, Canada"
976,890,25.21,2024-02-07,Marnie Mayo,Marnie.Mayo@example.com,725-331-2757,"San Diego, USA",Ahmad Landry,Ahmad.Landry@example.com,207-841-9893,"Los Angeles, USA"
593,923,116.46,2024-02-10,Danyal Lang,Danyal.Lang@example.com,629-875-4423,"Toronto, Canada",Russell Long,Russell.Long@example.com,399-959-7203,"Montreal, Canada"
391,234,11.55,2024-02-11,Laiba Knapp,Laiba.Knapp@example.com,311-460-4985,"New York, USA",Esmee Harmon,Esmee.Harmon@example.com,271-604-3446,"New York, USA"
801,387,31.28,2024-02-13,Gabriel Mccormick,Gabriel.Mccormick@example.com,903-845-9623,"New York, USA",Jesse Perry,Jesse.Perry@example.com,711-621-8470,"New York, USA"
769,350,49.57,2024-02-15,Marilyn Scott,Marilyn.Scott@example.com,360-359-2274,"San Francisco, USA",Jed Myers,Jed.Myers@example.com,920-927-4758,"San Francisco, USA"
440,961,12.24,2024-02-16,Dean Koch,Dean.Koch@example.com,510-682-8416,"San Francisco, USA",Tobias Schultz,Tobias.Schultz@example.com,995-854-2821,"Los Angeles, USA"
826,171,38.38,2024-02-17,Sinead Montes,Sinead.Montes@example.com,711-829-6800,"New York, USA",Patrick Morse,Patrick.Morse@example.com,220-102-3684,"New York, USA"
393,78,56.54,2024-02-18,Timothy Jacobs,Timothy.Jacobs@example.com,105-356-5519,"Barcelona, Spain",Angela Mcmillan,Angela.Mcmillan@example.com,868-463-1850,"London, United Kingdom"
621,241,43.63,2024-02-19,Kiana Carter,Kiana.Carter@example.com,219-142-7516,"San Diego, USA",Chris Zimmerman,Chris.Zimmerman@example.com,371-875-4229,"San Diego, USA"
818,130,4.42,2024-02-20,Alexander Reid,Alexander.Reid@example.com,842-314-3728,"Montreal, Canada",Zohaib Hartman,Zohaib.Hartman@example.com,928-400-6426,"Montreal, Canada"
74,945,32.25,2024-02-20,Myrtle Doyle,Myrtle.Doyle@example.com,525-796-7991,"Toronto, Canada",Elisha Owens,Elisha.Owens@example.com,195-699-1871,"Los Angeles, USA"
374,554,20.62,2024-02-22,Sara Harris,Sara.Harris@example.com,549-750-2047,"San Francisco, USA",Tyrell Holman,Tyrell.Holman@example.com,582-574-4299,"San Francisco, USA"
545,920,82.09,2024-02-23,Valentina Cross,Valentina.Cross@example.com,142-486-2939,"Los Angeles, USA",Kamil Bernard,Kamil.Bernard@example.com,400-528-1349,"San Francisco, USA"
939,948,17.68,2024-02-24,Alyssa Bradshaw,Alyssa.Bradshaw@example.com,606-353-8050,"San Diego, USA",Kobe Knapp,Kobe.Knapp@example.com,911-288-9695,"Los Angeles, USA"
964,803,23.73,2024-02-25,Colby Harding,Colby.Harding@example.com,584-554-7060,"San Francisco, USA",Susan Fowler,Susan.Fowler@example.com,305-117-8580,"San Diego, USA"
779,998,172.87,2024-02-27,Krish Hutchinson,Krish.Hutchinson@example.com,405-788-7051,"London, United Kingdom",Fatimah Johns,Fatimah.Johns@example.com,520-433-7411,"London, United Kingdom"
444,520,58.61,2024-02-28,Karina Mata,Karina.Mata@example.com,428-919-4395,"San Francisco, USA",Henry Holloway,Henry.Holloway@example.com,760-481-5035,"San Francisco, USA"
345,658,33.28,2024-02-28,Hannah Zuniga,Hannah.Zuniga@example.com,515-268-3667,"Chicago, USA",Syeda Calhoun,Syeda.Calhoun@example.com,738-680-1717,"Chicago, USA"
734,986,8.99,2024-02-29,Harun Clark,Harun.Clark@example.com,853-267-3048,"San Francisco, USA",Rosanna Dyer,Rosanna.Dyer@example.com,512-600-6692,"Los Angeles, USA"
773,680,8.22,2024-03-01,Luqman Larson,Luqman.Larson@example.com,100-329-7363,"San Francisco, USA",Esha Zuniga,Esha.Zuniga@example.com,807-517-9078,"Los Angeles, USA"
875,512,51.64,2024-03-01,Cayden Walls,Cayden.Walls@example.com,355-649-8007,"San Francisco, USA",Khadijah Little,Khadijah.Little@example.com,258-211-4243,"San Diego, USA"
526,96,36.56,2024-03-01,Tara Brewer,Tara.Brewer@example.com,114-507-5478,"New York, USA",Nadia Neal,Nadia.Neal@example.com,255-874-4270,"New York, USA"
289,503,27.73,2024-03-02,Adele Cantrell,Adele.Cantrell@example.com,264-319-7312,"New York, USA",Jim Moses,Jim.Moses@example.com,560-446-1279,"London, United Kingdom"
68,899,75.99,2024-03-04,Saif Green,Saif.Green@example.com,978-659-7286,"Paris, France",Frankie Jenkins,Frankie.Jenkins@example.com,301-409-5419,"San Francisco, USA"
243,130,15.32,2024-03-05,Brogan Fitzgerald,Brogan.Fitzgerald@example.com,955-732-8107,"Montreal, Canada",Zohaib Hartman,Zohaib.Hartman@example.com,928-400-6426,"Montreal, Canada"
966,108,72.63,2024-03-05,Marjorie Munoz,Marjorie.Munoz@example.com,385-637-4138,"Los Angeles, USA",Mohsin Tucker,Mohsin.Tucker@example.com,174-389-8757,"Toronto, Canada"
100,129,99.22,2024-03-08,Usman Swanson,Usman.Swanson@example.com,431-103-9132,"London, United Kingdom",Alejandro Duncan,Alejandro.Duncan@example.com,487-150-9471,"London, United Kingdom"
286,963,21.05,2024-03-09,Cordelia Marquez,Cordelia.Marquez@example.com,636-910-2488,"Los Angeles, USA",Billy Norton,Billy.Norton@example.com,816-614-5153,"Chicago, USA"
42,41,135.1,2024-03-09,Tomas Griffith,Tomas.Griffith@example.com,492-337-4468,"London, United Kingdom",Cody Riley,Cody.Riley@example.com,872-906-9681,"London, United Kingdom"
914,260,85.96,2024-03-09,Nancy Sharp,Nancy.Sharp@example.com,723-866-1140,"Los Angeles, USA",Darcey Robles,Darcey.Robles@example.com,790-759-5249,"London, United Kingdom"
697,908,22.34,2024-03-10,Donald Horne,Donald.Horne@example.com,738-911-3567,"San Francisco, USA",Nataniel Glenn,Nataniel.Glenn@example.com,504-112-5228,"Los Angeles, USA"
878,434,36.15,2024-03-10,Mateo Francis,Mateo.Francis@example.com,508-390-8347,"Los Angeles, USA",Enzo Hess,Enzo.Hess@example.com,359-874-3781,"Los Angeles, USA"
952,20,73.27,2024-03-10,Humaira Quinn,Humaira.Quinn@example.com,623-887-1255,"London, United Kingdom",Donald Stone,Donald.Stone@example.com,730-260-4630,"London, United Kingdom"
908,772,48.43,2024-03-11,Nataniel Glenn,Nataniel.Glenn@example.com,504-112-5228,"Los Angeles, USA",Rajan Dickson,Rajan.Dickson@example.com,372-775-6929,"San Diego, USA"
499,375,39.65,2024-03-14,Harris Mack,Harris.Mack@example.com,633-338-5745,"New York, USA",Brandon Rangel,Brandon.Rangel@example.com,417-706-8052,"New York, USA"
59,848,73.76,2024-03-15,Phoebe Weiss,Phoebe.Weiss@example.com,299-560-9666,"London, United Kingdom",Charis Bray,Charis.Bray@example.com,175-925-8526,"Los Angeles, USA"
379,874,34.79,2024-03-15,Leanne Cordova,Leanne.Cordova@example.com,514-225-7453,"Paris, France",Alasdair Mckinney,Alasdair.Mckinney@example.com,608-300-8331,"Montreal, Canada"
191,929,5.41,2024-03-16,Damon Bullock,Damon.Bullock@example.com,130-864-9453,"Chicago, USA",Alannah Perkins,Alannah.Perkins@example.com,705-521-6039,"Chicago, USA"
543,523,74.24,2024-03-16,Esme Krueger,Esme.Krueger@example.com,173-138-2227,"Toronto, Canada",Ameera Kirby,Ameera.Kirby@example.com,611-776-9890,"London, United Kingdom"
712,482,42.82,2024-03-18,Bronte Mendoza,Bronte.Mendoza@example.com,323-783-6615,"Toronto, Canada",Ahmad Patrick,Ahmad.Patrick@example.com,875-486-1626,"Toronto, Canada"
59,791,101.69,2024-03-21,Phoebe Weiss,Phoebe.Weiss@example.com,299-560-9666,"London, United Kingdom",Aoife Davidson,Aoife.Davidson@example.com,628-333-9139,"London, United Kingdom"
888,261,33.14,2024-03-23,Liana Baldwin,Liana.Baldwin@example.com,736-366-9050,"San Diego, USA",Dulcie Melendez,Dulcie.Melendez@example.com,659-843-5422,"Barcelona, Spain"
58,538,5.95,2024-03-24,Orlando Pitts,Orlando.Pitts@example.com,427-711-9658,"Los Angeles, USA",Tristan Valdez,Tristan.Valdez@example.com,109-614-1639,"Los Angeles, USA"
54,88,1.0,2024-03-24,Bethany Santana,Bethany.Santana@example.com,924-146-4189,"New York, USA",Humza Velez,Humza.Velez@example.com,931-502-4660,"New York, USA"
936,930,15.93,2024-03-25,Ted Wiggins,Ted.Wiggins@example.com,153-176-3641,"San Diego, USA",Christina Mays,Christina.Mays@example.com,333-143-8841,"San Francisco, USA"
827,436,0.84,2024-03-26,Laurence Graves,Laurence.Graves@example.com,609-435-5709,"Los Angeles, USA",Alan Burton,Alan.Burton@example.com,795-682-8733,"San Francisco, USA"
360,184,25.4,2024-03-26,Judy Clayton,Judy.Clayton@example.com,757-533-4647,"Paris, France",David Bridges,David.Bridges@example.com,946-447-2454,"New York, USA"
976,947,11.42,2024-03-31,Marnie Mayo,Marnie.Mayo@example.com,725-331-2757,"San Diego, USA",Isra Burgess,Isra.Burgess@example.com,142-470-3907,"San Diego, USA"
671,54,62.11,2024-03-31,Alexander Terry,Alexander.Terry@example.com,480-560-1876,"New York, USA",Bethany Santana,Bethany.Santana@example.com,924-146-4189,"New York, USA"
71,947,62.0,2024-04-01,Ilyas Dunlap,Ilyas.Dunlap@example.com,491-981-1293,"London, United Kingdom",Isra Burgess,Isra.Burgess@example.com,142-470-3907,"San Diego, USA"
966,958,1.13,2024-04-02,Marjorie Munoz,Marjorie.Munoz@example.com,385-637-4138,"Los Angeles, USA",Luna Fowler,Luna.Fowler@example.com,137-365-6816,"Los Angeles, USA"
358,389,58.16,2024-04-05,Sadie Hammond,Sadie.Hammond@example.com,799-609-4421,"Barcelona, Spain",Levi Hoffman,Levi.Hoffman@example.com,442-352-9243,"London, United Kingdom"
358,96,30.66,2024-04-06,Sadie Hammond,Sadie.Hammond@example.com,799-609-4421,"Barcelona, Spain",Nadia Neal,Nadia.Neal@example.com,255-874-4270,"New York, USA"
890,161,17.81,2024-04-07,Ahmad Landry,Ahmad.Landry@example.com,207-841-9893,"Los Angeles, USA",Eliza Gordon,Eliza.Gordon@example.com,805-946-7433,"Los Angeles, USA"
879,657,13.23,2024-04-08,Lucy Fuentes,Lucy.Fuentes@example.com,427-948-5524,"New York, USA",Abu Delacruz,Abu.Delacruz@example.com,401-411-2184,"New York, USA"
800,923,42.19,2024-04-08,Olivier Thornton,Olivier.Thornton@example.com,401-494-6634,"Montreal, Canada",Russell Long,Russell.Long@example.com,399-959-7203,"Montreal, Canada"
895,311,68.82,2024-04-10,Kamil Guzman,Kamil.Guzman@example.com,641-829-6099,"San Francisco, USA",Mariam Campos,Mariam.Campos@example.com,102-916-1394,"San Diego, USA"
211,505,71.72,2024-04-10,Gerard Francis,Gerard.Francis@example.com,958-724-3846,"Chicago, USA",Bessie Conley,Bessie.Conley@example.com,128-912-7282,"London, United Kingdom"
503,173,17.54,2024-04-11,Jim Moses,Jim.Moses@example.com,560-446-1279,"London, United Kingdom",Enya Hernandez,Enya.Hernandez@example.com,406-397-1498,"Barcelona, Spain"
137,923,4.46,2024-04-12,India Simmons,India.Simmons@example.com,605-920-3435,"San Diego, USA",Russell Long,Russell.Long@example.com,399-959-7203,"Montreal, Canada"
783,764,50.81,2024-04-14,Saira Lewis,Saira.Lewis@example.com,921-562-9790,"New York, USA",Cecily Escobar,Cecily.Escobar@example.com,840-532-1467,"New York, USA"
142,427,111.03,2024-04-14,Everly Fuentes,Everly.Fuentes@example.com,398-369-8927,"Barcelona, Spain",Lola Vaughan,Lola.Vaughan@example.com,722-400-6707,"Paris, France"
425,271,87.05,2024-04-14,Ines Davis,Ines.Davis@example.com,238-215-9099,"San Francisco, USA",Princess Schneider,Princess.Schneider@example.com,683-604-6287,"Paris, France"
2,899,75.15,2024-04-15,Arabella Knox,Arabella.Knox@example.com,652-272-9539,"Los Angeles, USA",Frankie Jenkins,Frankie.Jenkins@example.com,301-409-5419,"San Francisco, USA"
806,439,7.09,2024-04-17,Miriam Stuart,Miriam.Stuart@example.com,846-333-2100,"Montreal, Canada",Leona Daugherty,Leona.Daugherty@example.com,815-288-7354,"Montreal, Canada"
925,359,86.0,2024-04-18,Yasmine Scott,Yasmine.Scott@example.com,300-321-6761,"San Diego, USA",Jayden Meyers,Jayden.Meyers@example.com,233-480-8798,"San Diego, USA"
982,980,9.17,2024-04-23,Myles Sharpe,Myles.Sharpe@example.com,420-682-4722,"Toronto, Canada",Kacie Lester,Kacie.Lester@example.com,673-651-6332,"Toronto, Canada"
924,828,36.36,2024-04-24,Kendra Francis,Kendra.Francis@example.com,680-603-3144,"San Francisco, USA",Nora Donaldson,Nora.Donaldson@example.com,414-618-5713,"San Diego, USA"
961,319,16.42,2024-04-25,Tobias Schultz,Tobias.Schultz@example.com,995-854-2821,"Los Angeles, USA",Tess Short,Tess.Short@example.com,990-918-2059,"Los Angeles, USA"
409,607,27.24,2024-04-26,Aleksander Durham,Aleksander.Durham@example.com,582-306-5689,"New York, USA",Bibi Roberts,Bibi.Roberts@example.com,631-796-8801,"New York, USA"
487,810,22.6,2024-04-27,Bernard Moran,Bernard.Moran@example.com,863-265-3242,"San Francisco, USA",Syed Mooney,Syed.Mooney@example.com,348-929-4959,"San Francisco, USA"
78,356,30.48,2024-04-27,Angela Mcmillan,Angela.Mcmillan@example.com,868-463-1850,"London, United Kingdom",Romeo Martin,Romeo.Martin@example.com,834-460-4855,"Toronto, Canada"
682,888,82.91,2024-04-29,Laura Valdez,Laura.Valdez@example.com,766-901-1157,"Los Angeles, USA",Liana Baldwin,Liana.Baldwin@example.com,736-366-9050,"San Diego, USA"
463,438,8.8,2024-04-29,Tristan Lambert,Tristan.Lambert@example.com,125-567-3504,"San Diego, USA",Leslie Harrington,Leslie.Harrington@example.com,170-517-1270,"Chicago, USA"
924,162,98.0,2024-04-30,Kendra Francis,Kendra.Francis@example.com,680-603-3144,"San Francisco, USA",Martina Boyle,Martina.Boyle@example.com,145-824-4775,"Los Angeles, USA"
